,Date,Max Temperature C,Min Temperature C,Precipitation Total,Humidity Avg
0,2013-01-01,29,16,1.2,81.875
1,2013-01-02,29,15,1.3,79.75
2,2013-01-03,29,17,0.9,82.75
3,2013-01-04,30,16,0.7,80.75
4,2013-01-05,30,16,2.0,81.125
5,2013-01-06,29,16,7.0,82.75
6,2013-01-07,30,16,5.1,81.375
7,2013-01-08,31,14,3.5,76.5
8,2013-01-09,30,16,5.3,81.125
9,2013-01-10,29,17,6.8,83.125
10,2013-01-11,29,17,8.9,85.375
11,2013-01-12,28,17,3.9000000000000004,87.125
12,2013-01-13,28,17,3.1,84.75
13,2013-01-14,29,17,1.5999999999999999,84.75
14,2013-01-15,29,17,1.2,83.375
15,2013-01-16,29,16,1.3,82.25
16,2013-01-17,29,16,1.4000000000000001,83.875
17,2013-01-18,28,17,7.2,86.5
18,2013-01-19,29,17,7.9,85.75
19,2013-01-20,28,18,13.2,87.375
20,2013-01-21,29,18,6.5,86.75
21,2013-01-22,28,18,16.3,88.5
22,2013-01-23,29,18,10.9,88.25
23,2013-01-24,28,19,4.5,87.0
24,2013-01-25,27,17,1.9,84.5
25,2013-01-26,29,18,5.9,87.5
26,2013-01-27,29,17,2.9,85.375
27,2013-01-28,30,17,1.7000000000000002,82.75
28,2013-01-29,29,18,2.3,84.5
29,2013-01-30,29,18,3.0999999999999996,84.875
30,2013-01-31,29,18,2.6,85.625
31,2013-02-01,26,18,7.8,90.25
32,2013-02-02,28,17,4.199999999999999,86.375
33,2013-02-03,29,17,2.6,84.625
34,2013-02-04,28,19,7.3,86.125
35,2013-02-05,27,20,3.7,87.5
36,2013-02-06,26,18,5.300000000000001,88.75
37,2013-02-07,28,17,2.8,86.875
38,2013-02-08,21,18,8.1,93.75
39,2013-02-09,24,20,29.8,87.125
40,2013-02-10,26,17,4.7,87.125
41,2013-02-11,25,16,2.4,88.375
42,2013-02-12,24,17,11.1,90.25
43,2013-02-13,28,16,2.6999999999999997,84.625
44,2013-02-14,27,17,3.6000000000000005,86.5
45,2013-02-15,29,16,0.7999999999999999,80.875
46,2013-02-16,28,16,2.8,85.5
47,2013-02-17,28,20,2.9,85.375
48,2013-02-18,29,17,2.0000000000000004,82.625
49,2013-02-19,29,17,3.1999999999999997,82.125
50,2013-02-20,29,18,5.8,82.5
51,2013-02-21,29,18,3.6000000000000005,83.125
52,2013-02-22,28,21,2.3000000000000003,83.5
53,2013-02-23,29,18,2.1,83.25
54,2013-02-24,29,20,1.7000000000000002,82.875
55,2013-02-25,29,18,2.1,83.875
56,2013-02-26,29,19,1.9000000000000001,83.0
57,2013-02-27,29,18,2.5,83.125
58,2013-02-28,29,19,2.4,81.625
59,2013-03-01,27,19,3.0,83.5
60,2013-03-02,28,19,5.199999999999999,84.625
61,2013-03-03,29,18,6.8,83.25
62,2013-03-04,30,18,1.9000000000000001,81.375
63,2013-03-05,30,18,2.1,81.625
64,2013-03-06,27,20,3.4000000000000004,85.25
65,2013-03-07,29,18,2.0,81.25
66,2013-03-08,31,17,0.5,78.75
67,2013-03-09,30,18,3.5,80.75
68,2013-03-10,31,19,6.0,81.5
69,2013-03-11,30,19,2.7,84.875
70,2013-03-12,29,20,3.7999999999999994,84.5
71,2013-03-13,28,20,3.3000000000000003,85.625
72,2013-03-14,29,20,3.7,84.0
73,2013-03-15,28,19,4.1000000000000005,85.5
74,2013-03-16,30,21,4.6,80.375
75,2013-03-17,26,21,27.8,90.5
76,2013-03-18,26,18,5.5,88.25
77,2013-03-19,25,20,21.0,91.625
78,2013-03-20,28,20,4.1,85.875
79,2013-03-21,23,20,26.900000000000002,87.5
80,2013-03-22,26,17,4.699999999999999,83.875
81,2013-03-23,30,18,2.9,84.625
82,2013-03-24,28,18,1.8,84.875
83,2013-03-25,31,18,1.5,81.25
84,2013-03-26,29,19,2.1999999999999997,84.125
85,2013-03-27,30,18,1.5,82.375
86,2013-03-28,29,19,2.4000000000000004,82.25
87,2013-03-29,30,19,2.1,80.875
88,2013-03-30,30,20,2.8,80.0
89,2013-03-31,30,19,3.8,82.0
90,2013-04-01,30,19,3.8,82.875
91,2013-04-02,29,19,6.8,85.0
92,2013-04-03,29,21,2.5,84.0
93,2013-04-04,29,19,1.9999999999999998,85.5
94,2013-04-05,29,18,1.5999999999999999,83.5
95,2013-04-06,29,20,1.9999999999999998,85.75
96,2013-04-07,29,19,1.4000000000000001,83.375
97,2013-04-08,30,19,1.3,81.5
98,2013-04-09,28,20,2.8,83.75
99,2013-04-10,30,21,2.3,82.5
100,2013-04-11,29,21,4.5,83.125
101,2013-04-12,29,22,4.1000000000000005,83.25
102,2013-04-13,29,19,1.2,82.25
103,2013-04-14,31,19,2.2,81.5
104,2013-04-15,28,20,4.000000000000001,82.375
105,2013-04-16,30,19,2.2,80.0
106,2013-04-17,28,20,5.1,83.25
107,2013-04-18,26,20,42.3,89.75
108,2013-04-19,26,18,3.9999999999999996,88.25
109,2013-04-20,30,18,2.0,80.25
110,2013-04-21,23,17,6.800000000000001,83.375
111,2013-04-22,30,17,1.0999999999999999,75.375
112,2013-04-23,27,19,3.1,85.75
113,2013-04-24,30,21,1.8,80.5
114,2013-04-25,27,19,3.1,85.625
115,2013-04-26,28,18,2.3,84.125
116,2013-04-27,28,18,7.0,87.125
117,2013-04-28,29,17,3.1,82.375
118,2013-04-29,27,18,6.0,86.125
119,2013-04-30,28,18,3.4999999999999996,82.375
120,2013-05-01,24,19,12.4,88.125
121,2013-05-02,25,18,3.5,81.375
122,2013-05-03,31,17,2.8000000000000003,75.625
123,2013-05-04,31,17,0.30000000000000004,73.625
124,2013-05-05,29,18,2.9,82.375
125,2013-05-06,25,15,4.5,81.75
126,2013-05-07,28,18,2.4000000000000004,83.75
127,2013-05-08,29,17,4.3,81.5
128,2013-05-09,28,19,5.3,86.375
129,2013-05-10,29,18,2.8000000000000003,83.875
130,2013-05-11,28,18,2.0,84.0
131,2013-05-12,29,19,1.8,83.375
132,2013-05-13,28,19,7.5,84.0
133,2013-05-14,29,21,9.200000000000001,83.75
134,2013-05-15,27,19,4.6000000000000005,85.875
135,2013-05-16,27,18,4.4,87.25
136,2013-05-17,30,21,3.1,83.875
137,2013-05-18,30,19,2.2,81.125
138,2013-05-19,30,20,1.7,80.625
139,2013-05-20,27,19,9.0,83.75
140,2013-05-21,26,20,9.4,88.625
141,2013-05-22,26,18,19.1,88.125
142,2013-05-23,27,18,3.5000000000000004,86.0
143,2013-05-24,29,18,2.0,82.75
144,2013-05-25,28,17,1.5,83.25
145,2013-05-26,29,18,3.5,82.5
146,2013-05-27,26,19,6.8999999999999995,86.375
147,2013-05-28,28,19,5.2,83.875
148,2013-05-29,27,18,4.300000000000001,86.0
149,2013-05-30,27,19,1.8,85.5
150,2013-05-31,27,18,1.9000000000000001,85.0
151,2013-06-01,29,17,0.7999999999999999,82.125
152,2013-06-02,30,17,0.9,80.0
153,2013-06-03,30,17,1.4,79.75
154,2013-06-04,30,17,0.7,77.75
155,2013-06-05,29,17,1.4,79.625
156,2013-06-06,29,16,1.2000000000000002,82.125
157,2013-06-07,29,17,4.8999999999999995,81.875
158,2013-06-08,30,17,2.5999999999999996,81.125
159,2013-06-09,30,17,1.6,81.875
160,2013-06-10,30,16,0.6000000000000001,79.25
161,2013-06-11,30,17,0.6,80.875
162,2013-06-12,29,18,0.9999999999999999,82.375
163,2013-06-13,30,17,1.1,79.875
164,2013-06-14,29,20,2.3000000000000003,81.5
165,2013-06-15,27,18,12.9,85.125
166,2013-06-16,30,18,1.2,78.75
167,2013-06-17,30,17,0.9000000000000001,81.5
168,2013-06-18,30,18,1.3,80.0
169,2013-06-19,31,19,2.9000000000000004,79.75
170,2013-06-20,29,17,1.9,83.5
171,2013-06-21,30,17,2.2,81.125
172,2013-06-22,30,17,1.0,80.875
173,2013-06-23,30,17,0.8,82.375
174,2013-06-24,29,17,1.1,82.75
175,2013-06-25,29,17,0.8999999999999999,82.375
176,2013-06-26,30,17,1.1,81.125
177,2013-06-27,29,18,1.8,81.5
178,2013-06-28,28,18,3.5999999999999996,84.5
179,2013-06-29,28,18,2.1,83.0
180,2013-06-30,29,17,0.7000000000000001,80.25
181,2013-07-01,29,18,1.2,81.25
182,2013-07-02,30,17,0.7999999999999999,79.125
183,2013-07-03,29,17,1.1,80.0
184,2013-07-04,29,17,1.0,82.75
185,2013-07-05,30,15,0.8,77.875
186,2013-07-06,31,16,0.9,78.125
187,2013-07-07,30,17,0.6,78.5
188,2013-07-08,32,17,0.6,75.0
189,2013-07-09,31,16,2.1,75.875
190,2013-07-10,30,16,2.0,74.0
191,2013-07-11,29,16,1.8,82.125
192,2013-07-12,30,17,1.2,80.125
193,2013-07-13,31,16,0.7999999999999999,77.0
194,2013-07-14,31,17,2.3,77.125
195,2013-07-15,31,16,5.4,79.0
196,2013-07-16,31,16,3.9,77.125
197,2013-07-17,30,17,1.5,77.0
198,2013-07-18,29,18,5.3,83.125
199,2013-07-19,29,17,5.8,83.125
200,2013-07-20,29,17,4.3,81.5
201,2013-07-21,29,17,1.4000000000000001,80.625
202,2013-07-22,30,16,0.30000000000000004,78.125
203,2013-07-23,32,16,0.5,73.75
204,2013-07-24,31,17,2.2,77.125
205,2013-07-25,32,16,4.3,76.0
206,2013-07-26,31,17,4.5,75.875
207,2013-07-27,31,16,7.3,75.75
208,2013-07-28,31,17,2.6,75.625
209,2013-07-29,31,16,0.8999999999999999,75.375
210,2013-07-30,30,16,0.7,74.375
211,2013-07-31,29,17,1.2,78.625
212,2013-08-01,29,17,2.3000000000000003,82.375
213,2013-08-02,30,18,1.6,77.125
214,2013-08-03,30,17,1.1,77.375
215,2013-08-04,30,17,2.6,80.125
216,2013-08-05,31,17,3.6,78.625
217,2013-08-06,30,17,1.8000000000000003,80.75
218,2013-08-07,29,17,4.800000000000001,82.0
219,2013-08-08,24,19,26.099999999999998,88.75
220,2013-08-09,25,19,8.2,89.75
221,2013-08-10,27,20,4.4,85.0
222,2013-08-11,24,19,14.3,89.125
223,2013-08-12,28,18,6.700000000000001,84.25
224,2013-08-13,28,20,2.9,83.375
225,2013-08-14,30,19,1.1,78.375
226,2013-08-15,30,17,1.1000000000000003,77.25
227,2013-08-16,32,18,0.7999999999999999,77.875
228,2013-08-17,31,18,1.1,79.875
229,2013-08-18,31,19,0.8,78.375
230,2013-08-19,31,19,1.1,78.5
231,2013-08-20,32,19,0.7,77.25
232,2013-08-21,31,19,1.4,77.625
233,2013-08-22,31,19,2.9000000000000004,79.875
234,2013-08-23,30,19,7.5,81.5
235,2013-08-24,29,20,8.1,83.875
236,2013-08-25,32,19,1.3,79.0
237,2013-08-26,29,20,1.6,76.75
238,2013-08-27,31,19,1.2,78.0
239,2013-08-28,33,19,0.6,75.125
240,2013-08-29,32,18,1.2000000000000002,73.25
241,2013-08-30,31,19,2.4,74.5
242,2013-08-31,31,19,3.2,78.5
243,2013-09-01,32,20,1.2,79.75
244,2013-09-02,31,20,1.3,80.625
245,2013-09-03,30,20,2.1,82.5
246,2013-09-04,33,20,1.2,76.0
247,2013-09-05,34,20,2.1,75.125
248,2013-09-06,31,20,5.300000000000001,81.0
249,2013-09-07,31,19,1.0,78.75
250,2013-09-08,32,20,1.0,77.5
251,2013-09-09,32,20,2.1,76.25
252,2013-09-10,33,20,6.199999999999999,79.0
253,2013-09-11,33,20,1.5000000000000002,74.75
254,2013-09-12,31,21,1.7,80.0
255,2013-09-13,31,22,2.9,82.25
256,2013-09-14,31,24,2.1999999999999997,78.875
257,2013-09-15,32,21,4.5,77.375
258,2013-09-16,32,20,2.5,78.5
259,2013-09-17,31,21,2.0,79.375
260,2013-09-18,32,20,1.9000000000000001,80.875
261,2013-09-19,32,20,3.0000000000000004,78.125
262,2013-09-20,32,19,0.8999999999999999,77.5
263,2013-09-21,31,20,0.8999999999999999,78.0
264,2013-09-22,32,20,1.1,77.5
265,2013-09-23,33,20,1.9000000000000001,77.125
266,2013-09-24,34,20,3.4000000000000004,75.375
267,2013-09-25,32,21,2.8000000000000003,79.625
268,2013-09-26,32,21,1.5,78.625
269,2013-09-27,32,21,3.8999999999999995,79.875
270,2013-09-28,27,22,52.7,89.75
271,2013-09-29,30,19,2.3000000000000003,82.375
272,2013-09-30,30,20,1.3,83.125
273,2013-10-01,30,21,1.4,82.0
274,2013-10-02,32,20,4.1000000000000005,80.5
275,2013-10-03,31,24,3.2,83.625
276,2013-10-04,29,20,9.5,87.125
277,2013-10-05,32,20,1.2,81.25
278,2013-10-06,32,19,1.4,78.75
279,2013-10-07,33,18,0.6,76.0
280,2013-10-08,33,19,1.0000000000000002,77.125
281,2013-10-09,31,20,2.3,79.5
282,2013-10-10,30,20,2.4000000000000004,83.125
283,2013-10-11,32,21,22.099999999999998,85.375
284,2013-10-12,30,21,11.800000000000002,86.75
285,2013-10-13,30,20,3.7999999999999994,85.625
286,2013-10-14,29,20,13.9,86.875
287,2013-10-15,30,20,2.4000000000000004,85.875
288,2013-10-16,31,20,2.6999999999999997,81.625
289,2013-10-17,31,19,4.8999999999999995,85.25
290,2013-10-18,30,21,2.0,82.125
291,2013-10-19,31,20,1.3,81.5
292,2013-10-20,30,21,2.3000000000000003,84.25
293,2013-10-21,30,20,2.4000000000000004,85.625
294,2013-10-22,32,19,2.9999999999999996,84.375
295,2013-10-23,31,21,2.5,81.75
296,2013-10-24,32,21,2.4,81.75
297,2013-10-25,32,21,1.0,81.375
298,2013-10-26,31,19,1.2,81.625
299,2013-10-27,31,20,2.9000000000000004,85.75
300,2013-10-28,31,20,1.5,81.5
301,2013-10-29,31,20,2.2,82.625
302,2013-10-30,32,22,8.1,82.625
303,2013-10-31,25,19,7.800000000000001,84.875
304,2013-11-01,29,18,2.900000000000001,75.375
305,2013-11-02,30,18,0.8,73.125
306,2013-11-03,31,18,2.2,79.25
307,2013-11-04,28,18,3.6,84.875
308,2013-11-05,29,18,3.1000000000000005,85.0
309,2013-11-06,29,22,6.1,86.5
310,2013-11-07,25,19,37.1,86.875
311,2013-11-08,32,19,2.7,79.5
312,2013-11-09,31,20,2.6,84.125
313,2013-11-10,30,23,3.5000000000000004,84.75
314,2013-11-11,31,21,2.6999999999999997,84.75
315,2013-11-12,31,21,2.3000000000000003,84.5
316,2013-11-13,29,20,2.6999999999999997,85.75
317,2013-11-14,30,20,2.3000000000000003,83.875
318,2013-11-15,31,20,1.3,83.125
319,2013-11-16,31,21,1.7,83.875
320,2013-11-17,31,21,8.9,85.5
321,2013-11-18,28,19,8.200000000000001,84.875
322,2013-11-19,28,20,12.3,78.625
323,2013-11-20,31,19,3.5,80.875
324,2013-11-21,30,21,2.6999999999999997,84.0
325,2013-11-22,28,20,2.3000000000000003,86.75
326,2013-11-23,30,19,5.300000000000001,86.625
327,2013-11-24,26,19,19.799999999999997,89.625
328,2013-11-25,32,19,5.2,82.5
329,2013-11-26,31,21,6.700000000000001,85.75
330,2013-11-27,31,19,4.6,82.5
331,2013-11-28,31,19,2.6999999999999997,81.75
332,2013-11-29,31,18,2.4,84.125
333,2013-11-30,29,19,2.4000000000000004,84.25
334,2013-12-01,30,19,2.3999999999999995,84.25
335,2013-12-02,28,19,3.2,84.625
336,2013-12-03,28,21,4.499999999999999,85.75
337,2013-12-04,31,20,1.2,83.0
338,2013-12-05,32,20,1.5,82.5
339,2013-12-06,28,20,6.9,90.125
340,2013-12-07,31,19,4.5,83.75
341,2013-12-08,30,19,8.2,87.125
342,2013-12-09,32,19,5.300000000000001,84.625
343,2013-12-10,30,20,2.7,84.875
344,2013-12-11,32,20,1.3,82.0
345,2013-12-12,30,20,3.4,85.25
346,2013-12-13,29,20,6.799999999999999,89.125
347,2013-12-14,29,20,7.1000000000000005,88.875
348,2013-12-15,31,19,1.5999999999999999,84.125
349,2013-12-16,30,20,2.6,86.5
350,2013-12-17,28,21,5.1000000000000005,89.125
351,2013-12-18,26,21,17.5,92.5
352,2013-12-19,31,19,9.9,85.625
353,2013-12-20,30,19,2.5999999999999996,86.5
354,2013-12-21,31,19,3.0,85.75
355,2013-12-22,30,19,3.1,85.375
356,2013-12-23,31,19,3.1999999999999997,82.375
357,2013-12-24,29,17,3.1,74.875
358,2013-12-25,31,16,0.6000000000000001,71.875
359,2013-12-26,31,19,1.5000000000000002,82.125
360,2013-12-27,31,19,1.7999999999999998,81.625
361,2013-12-28,32,19,1.5,79.5
362,2013-12-29,30,20,2.5,83.75
363,2013-12-30,30,20,3.8,88.0
364,2013-12-31,30,20,5.8,88.375
365,2014-01-01,29,20,6.300000000000001,89.125
366,2014-01-02,29,19,5.799999999999999,90.125
367,2014-01-03,30,20,2.6999999999999997,88.0
368,2014-01-04,30,19,8.8,85.75
369,2014-01-05,31,20,7.300000000000002,86.125
370,2014-01-06,29,21,40.9,87.75
371,2014-01-07,30,19,17.9,86.125
372,2014-01-08,27,17,2.4000000000000004,83.375
373,2014-01-09,31,19,2.5,85.125
374,2014-01-10,30,19,6.300000000000001,86.75
375,2014-01-11,30,18,4.8999999999999995,86.375
376,2014-01-12,30,19,9.1,84.375
377,2014-01-13,31,18,5.5,83.75
378,2014-01-14,30,17,4.4,84.125
379,2014-01-15,29,19,9.799999999999999,86.0
380,2014-01-16,32,20,9.5,84.875
381,2014-01-17,29,19,23.1,87.875
382,2014-01-18,31,19,20.099999999999998,86.75
383,2014-01-19,30,20,11.2,88.25
384,2014-01-20,30,19,9.1,88.75
385,2014-01-21,31,20,3.2,87.25
386,2014-01-22,30,19,2.5999999999999996,86.25
387,2014-01-23,31,21,2.8,87.25
388,2014-01-24,31,19,1.1,85.125
389,2014-01-25,31,18,1.2000000000000002,83.5
390,2014-01-26,32,18,3.4000000000000004,82.875
391,2014-01-27,31,19,2.9000000000000004,84.875
392,2014-01-28,30,20,4.1,85.875
393,2014-01-29,30,19,3.8,87.25
394,2014-01-30,29,20,6.300000000000001,87.0
395,2014-01-31,31,18,5.9,84.5
396,2014-02-01,30,20,7.5,86.125
397,2014-02-02,27,21,18.2,90.375
398,2014-02-03,30,19,2.6,86.0
399,2014-02-04,31,19,2.8,84.75
400,2014-02-05,29,18,3.5,82.625
401,2014-02-06,31,18,3.3000000000000003,78.875
402,2014-02-07,31,18,1.4000000000000001,82.0
403,2014-02-08,30,20,4.5,84.625
404,2014-02-09,29,20,5.0,88.125
405,2014-02-10,31,19,10.2,85.625
406,2014-02-11,30,20,5.8,85.875
407,2014-02-12,30,21,2.5,85.5
408,2014-02-13,32,20,2.5,84.5
409,2014-02-14,30,20,1.5999999999999999,86.0
410,2014-02-15,31,20,1.5000000000000002,83.875
411,2014-02-16,32,17,1.2,80.75
412,2014-02-17,32,18,0.9,81.625
413,2014-02-18,31,22,2.7,83.625
414,2014-02-19,29,19,3.2,87.375
415,2014-02-20,31,19,4.300000000000001,85.625
416,2014-02-21,31,20,4.0,85.125
417,2014-02-22,27,22,4.3,89.0
418,2014-02-23,30,20,3.4,86.625
419,2014-02-24,31,20,4.2,85.75
420,2014-02-25,31,21,5.0,84.5
421,2014-02-26,31,22,3.3000000000000003,83.0
422,2014-02-27,31,21,4.699999999999999,83.75
423,2014-02-28,26,20,16.4,90.125
424,2014-03-01,28,19,5.3,83.5
425,2014-03-02,30,22,4.3,86.0
426,2014-03-03,29,18,5.6000000000000005,85.375
427,2014-03-04,31,19,2.9,81.25
428,2014-03-05,32,21,4.5,82.25
429,2014-03-06,31,20,2.2,82.125
430,2014-03-07,29,22,5.800000000000001,84.75
431,2014-03-08,27,21,8.8,88.75
432,2014-03-09,29,20,12.499999999999998,86.375
433,2014-03-10,29,19,2.8000000000000003,85.875
434,2014-03-11,29,21,3.3,88.625
435,2014-03-12,30,20,3.0,87.375
436,2014-03-13,29,20,4.2,87.75
437,2014-03-14,31,20,1.9000000000000001,83.25
438,2014-03-15,31,20,3.4000000000000004,83.875
439,2014-03-16,28,20,2.0,87.625
440,2014-03-17,30,21,3.8,85.125
441,2014-03-18,31,24,3.4000000000000004,83.875
442,2014-03-19,32,20,1.7,80.5
443,2014-03-20,32,20,2.6,82.25
444,2014-03-21,32,22,2.5,82.25
445,2014-03-22,31,22,1.3,80.5
446,2014-03-23,32,22,4.1,80.5
447,2014-03-24,30,22,6.6000000000000005,83.25
448,2014-03-25,29,22,2.4000000000000004,84.0
449,2014-03-26,31,22,2.9,82.75
450,2014-03-27,33,19,1.4,76.375
451,2014-03-28,32,21,1.3,81.0
452,2014-03-29,32,20,4.1000000000000005,83.375
453,2014-03-30,32,20,2.7,82.875
454,2014-03-31,31,20,2.4000000000000004,83.375
455,2014-04-01,33,16,4.7,75.5
456,2014-04-02,32,20,4.3,80.875
457,2014-04-03,32,20,2.8000000000000003,81.625
458,2014-04-04,32,22,4.300000000000001,81.625
459,2014-04-05,33,23,10.3,80.875
460,2014-04-06,32,22,5.6,84.125
461,2014-04-07,32,20,6.3,82.625
462,2014-04-08,32,20,1.8,82.125
463,2014-04-09,31,19,1.2,80.75
464,2014-04-10,32,20,1.5,79.875
465,2014-04-11,33,20,2.9000000000000004,78.25
466,2014-04-12,32,22,4.1000000000000005,80.875
467,2014-04-13,32,20,1.1,80.0
468,2014-04-14,32,20,1.7,79.375
469,2014-04-15,30,23,5.1,84.5
470,2014-04-16,32,20,6.199999999999999,82.875
471,2014-04-17,32,20,6.200000000000001,80.75
472,2014-04-18,33,21,3.3,82.125
473,2014-04-19,31,21,3.0,82.5
474,2014-04-20,31,19,7.1,84.625
475,2014-04-21,32,20,1.7000000000000002,81.25
476,2014-04-22,31,22,4.4,83.75
477,2014-04-23,31,20,3.8999999999999995,85.875
478,2014-04-24,30,21,2.6999999999999997,82.125
479,2014-04-25,31,21,7.2,81.5
480,2014-04-26,27,21,12.200000000000001,88.5
481,2014-04-27,31,21,3.1,84.375
482,2014-04-28,31,22,2.3000000000000003,82.25
483,2014-04-29,32,21,2.4,80.375
484,2014-04-30,31,20,2.7,84.625
485,2014-05-01,32,21,3.0000000000000004,84.625
486,2014-05-02,27,22,25.2,89.5
487,2014-05-03,31,20,5.0,85.375
488,2014-05-04,29,20,4.4,88.75
489,2014-05-05,32,21,3.6,81.125
490,2014-05-06,31,21,5.9,84.25
491,2014-05-07,30,23,9.799999999999999,85.5
492,2014-05-08,28,20,11.599999999999998,90.25
493,2014-05-09,26,16,19.900000000000002,84.25
494,2014-05-10,29,19,3.5999999999999996,75.375
495,2014-05-11,30,18,4.7,81.75
496,2014-05-12,32,20,2.9000000000000004,76.5
497,2014-05-13,32,20,6.0,81.125
498,2014-05-14,31,21,3.6,85.5
499,2014-05-15,31,21,1.8000000000000003,84.75
500,2014-05-16,32,21,1.4999999999999998,83.75
501,2014-05-17,31,20,3.0,84.625
502,2014-05-18,30,21,5.1,84.25
503,2014-05-19,32,20,9.7,82.75
504,2014-05-20,30,21,5.1,85.5
505,2014-05-21,30,20,3.1,86.25
506,2014-05-22,32,21,2.3,81.875
507,2014-05-23,31,20,5.9,85.375
508,2014-05-24,31,21,12.7,84.625
509,2014-05-25,31,19,6.4,85.25
510,2014-05-26,32,18,0.7,82.625
511,2014-05-27,32,19,7.8999999999999995,83.25
512,2014-05-28,30,20,3.9000000000000004,83.875
513,2014-05-29,30,21,6.3999999999999995,85.25
514,2014-05-30,31,21,1.3,82.625
515,2014-05-31,31,21,1.1,82.5
516,2014-06-01,32,20,1.2000000000000002,82.375
517,2014-06-02,32,20,0.7999999999999999,83.0
518,2014-06-03,32,19,0.7999999999999999,82.125
519,2014-06-04,32,21,1.4,81.375
520,2014-06-05,32,20,0.8,81.625
521,2014-06-06,32,19,1.3000000000000003,78.875
522,2014-06-07,31,21,2.1999999999999997,82.375
523,2014-06-08,32,21,2.5,82.125
524,2014-06-09,32,20,0.8,81.25
525,2014-06-10,32,19,0.6,79.375
526,2014-06-11,33,19,2.5,75.5
527,2014-06-12,33,20,3.0999999999999996,80.5
528,2014-06-13,31,21,6.4,82.875
529,2014-06-14,31,20,4.200000000000001,81.125
530,2014-06-15,33,20,0.7,75.625
531,2014-06-16,32,18,2.6,78.0
532,2014-06-17,31,18,14.000000000000002,80.625
533,2014-06-18,33,19,8.0,79.5
534,2014-06-19,33,19,4.6,78.0
535,2014-06-20,32,19,9.899999999999999,77.625
536,2014-06-21,32,19,15.200000000000001,80.125
537,2014-06-22,30,20,21.4,84.75
538,2014-06-23,30,20,7.800000000000001,85.125
539,2014-06-24,31,20,2.4,84.625
540,2014-06-25,31,20,2.5999999999999996,83.0
541,2014-06-26,32,19,1.7999999999999998,81.375
542,2014-06-27,31,19,3.4,83.375
543,2014-06-28,32,18,0.4,79.5
544,2014-06-29,33,20,1.4,77.125
545,2014-06-30,32,19,4.2,81.75
546,2014-07-01,32,19,2.5000000000000004,81.875
547,2014-07-02,32,20,1.2000000000000002,78.875
548,2014-07-03,32,19,0.8999999999999999,79.375
549,2014-07-04,27,20,0.9,78.875
550,2014-07-05,27,19,0.7999999999999999,78.375
551,2014-07-06,27,15,1.1,78.0
552,2014-07-07,32,19,0.5,77.5
553,2014-07-08,35,18,3.2,72.25
554,2014-07-09,35,18,7.5,70.0
555,2014-07-10,32,19,10.6,78.25
556,2014-07-11,33,18,13.9,77.0
557,2014-07-12,34,19,9.7,76.625
558,2014-07-13,34,19,4.3,75.5
559,2014-07-14,32,19,0.8999999999999999,77.875
560,2014-07-15,33,19,2.1,75.375
561,2014-07-16,33,18,8.2,78.875
562,2014-07-17,31,19,10.8,80.625
563,2014-07-18,32,18,17.4,81.875
564,2014-07-19,32,19,11.7,80.5
565,2014-07-20,32,18,6.1,79.75
566,2014-07-21,32,19,7.800000000000001,81.875
567,2014-07-22,32,19,11.1,81.25
568,2014-07-23,31,19,8.2,82.25
569,2014-07-24,32,18,4.1,80.5
570,2014-07-25,32,18,0.7999999999999999,79.25
571,2014-07-26,32,17,1.2000000000000002,76.75
572,2014-07-27,32,19,0.6,80.0
573,2014-07-28,32,19,1.1,76.125
574,2014-07-29,33,18,1.7000000000000002,77.0
575,2014-07-30,33,17,2.8000000000000003,76.25
576,2014-07-31,32,20,16.2,80.0
577,2014-08-01,31,19,24.799999999999997,82.875
578,2014-08-02,29,19,20.2,84.625
579,2014-08-03,30,19,8.200000000000001,83.25
580,2014-08-04,30,19,0.8999999999999999,81.375
581,2014-08-05,31,19,0.5,79.875
582,2014-08-06,32,18,2.3,78.375
583,2014-08-07,31,19,3.7,79.625
584,2014-08-08,32,19,1.3,79.125
585,2014-08-09,33,19,1.8,75.5
586,2014-08-10,31,19,1.0,78.0
587,2014-08-11,32,20,4.3,78.25
588,2014-08-12,31,19,4.1000000000000005,79.0
589,2014-08-13,31,19,0.7999999999999999,77.375
590,2014-08-14,36,19,4.0,70.5
591,2014-08-15,33,20,1.9000000000000001,72.0
592,2014-08-16,33,19,1.2000000000000002,74.25
593,2014-08-17,32,19,1.2000000000000002,73.75
594,2014-08-18,32,20,6.1,74.75
595,2014-08-19,30,19,9.0,79.625
596,2014-08-20,31,19,5.4,77.5
597,2014-08-21,31,19,2.4000000000000004,79.875
598,2014-08-22,29,20,1.8999999999999997,83.25
599,2014-08-23,30,21,2.2,82.0
600,2014-08-24,31,20,1.2,79.625
601,2014-08-25,31,22,1.5999999999999999,80.5
602,2014-08-26,30,19,6.699999999999999,83.25
603,2014-08-27,30,20,2.1,82.625
604,2014-08-28,31,19,3.3,80.75
605,2014-08-29,32,18,0.6,77.5
606,2014-08-30,33,19,3.1000000000000005,75.625
607,2014-08-31,34,18,1.0,70.75
608,2014-09-01,32,19,1.1,77.75
609,2014-09-02,31,20,1.2000000000000002,79.5
610,2014-09-03,31,21,1.7,81.625
611,2014-09-04,31,20,5.1,81.375
612,2014-09-05,32,19,1.0,76.5
613,2014-09-06,32,19,2.4000000000000004,74.5
614,2014-09-07,32,19,4.7,78.125
615,2014-09-08,32,20,3.8000000000000003,77.25
616,2014-09-09,32,19,1.2000000000000002,77.25
617,2014-09-10,30,20,2.4999999999999996,81.75
618,2014-09-11,30,21,3.7999999999999994,83.375
619,2014-09-12,31,22,11.1,81.125
620,2014-09-13,31,19,2.4000000000000004,80.5
621,2014-09-14,32,20,2.0,79.875
622,2014-09-15,31,20,1.1,78.625
623,2014-09-16,32,19,0.7999999999999999,78.375
624,2014-09-17,31,20,1.0,79.5
625,2014-09-18,32,21,2.4,79.625
626,2014-09-19,32,24,3.7,80.5
627,2014-09-20,31,20,3.0999999999999996,81.625
628,2014-09-21,30,20,3.7,83.0
629,2014-09-22,31,20,3.6,82.0
630,2014-09-23,30,20,1.3,79.0
631,2014-09-24,31,24,0.7999999999999999,80.125
632,2014-09-25,31,20,1.1,79.5
633,2014-09-26,32,21,1.3,80.375
634,2014-09-27,32,20,4.3,78.375
635,2014-09-28,32,20,2.5,78.875
636,2014-09-29,33,20,0.7,76.875
637,2014-09-30,34,19,2.4,73.0
638,2014-10-01,33,18,4.8,76.0
639,2014-10-02,32,20,3.1,77.0
640,2014-10-03,34,19,2.8,76.875
641,2014-10-04,27,23,6.6000000000000005,85.75
642,2014-10-05,31,23,6.3,82.625
643,2014-10-06,31,21,3.5000000000000004,81.125
644,2014-10-07,29,21,6.9,84.625
645,2014-10-08,29,21,8.6,86.625
646,2014-10-09,31,19,7.9,83.5
647,2014-10-10,32,19,2.5000000000000004,72.75
648,2014-10-11,32,22,6.1000000000000005,81.75
649,2014-10-12,30,20,30.600000000000005,84.75
650,2014-10-13,31,21,10.9,82.125
651,2014-10-14,32,21,4.0,80.875
652,2014-10-15,32,21,2.1,79.5
653,2014-10-16,32,20,9.8,80.5
654,2014-10-17,30,21,13.5,84.25
655,2014-10-18,28,21,11.0,87.875
656,2014-10-19,31,21,8.1,82.375
657,2014-10-20,31,21,10.7,83.5
658,2014-10-21,31,23,8.4,81.875
659,2014-10-22,31,21,5.1000000000000005,81.75
660,2014-10-23,31,20,1.5,80.875
661,2014-10-24,30,20,2.9,86.0
662,2014-10-25,28,22,11.899999999999999,88.875
663,2014-10-26,32,18,2.8999999999999995,75.625
664,2014-10-27,33,19,0.7999999999999999,73.5
665,2014-10-28,32,20,1.2000000000000002,80.375
666,2014-10-29,32,22,3.6999999999999997,83.375
667,2014-10-30,32,21,4.5,82.75
668,2014-10-31,29,21,50.3,87.375
669,2014-11-01,30,21,3.6,85.375
670,2014-11-02,31,20,2.1,82.875
671,2014-11-03,31,20,2.2,82.75
672,2014-11-04,30,21,7.0,87.5
673,2014-11-05,30,22,18.3,86.125
674,2014-11-06,31,20,5.3,84.75
675,2014-11-07,32,20,2.8,81.5
676,2014-11-08,32,20,4.2,82.375
677,2014-11-09,31,22,11.0,85.625
678,2014-11-10,29,22,41.8,86.875
679,2014-11-11,30,19,7.300000000000001,83.25
680,2014-11-12,27,17,10.0,81.5
681,2014-11-13,27,17,9.499999999999998,79.125
682,2014-11-14,30,17,1.2,67.25
683,2014-11-15,32,20,0.7,73.0
684,2014-11-16,31,20,1.2000000000000002,83.125
685,2014-11-17,31,20,2.2,83.625
686,2014-11-18,29,20,2.8,87.75
687,2014-11-19,28,22,32.699999999999996,88.25
688,2014-11-20,32,19,3.6,76.875
689,2014-11-21,31,19,3.3,83.5
690,2014-11-22,29,20,3.4999999999999996,88.75
691,2014-11-23,31,19,2.5,85.0
692,2014-11-24,30,23,3.3,85.25
693,2014-11-25,27,20,4.9,89.25
694,2014-11-26,28,22,2.9,89.375
695,2014-11-27,32,19,7.200000000000001,82.75
696,2014-11-28,31,20,4.9,83.875
697,2014-11-29,31,21,4.2,86.0
698,2014-11-30,32,22,2.8,84.375
699,2014-12-01,30,19,5.7,84.5
700,2014-12-02,31,18,6.1,84.125
701,2014-12-03,30,20,3.4000000000000004,85.75
702,2014-12-04,29,21,2.9,87.5
703,2014-12-05,31,20,2.2,84.625
704,2014-12-06,31,20,5.4,85.375
705,2014-12-07,29,19,6.700000000000001,87.375
706,2014-12-08,31,20,3.1,84.5
707,2014-12-09,29,20,6.000000000000001,82.875
708,2014-12-10,31,18,4.800000000000001,76.75
709,2014-12-11,30,20,7.4,83.875
710,2014-12-12,29,20,4.8,86.0
711,2014-12-13,27,19,16.3,89.25
712,2014-12-14,32,17,2.5,79.0
713,2014-12-15,31,18,1.4,82.5
714,2014-12-16,30,19,1.7,85.125
715,2014-12-17,29,21,2.1,86.875
716,2014-12-18,26,18,3.4999999999999996,90.625
717,2014-12-19,30,20,2.0999999999999996,87.125
718,2014-12-20,29,20,5.699999999999999,88.0
719,2014-12-21,30,20,2.6,86.25
720,2014-12-22,31,20,1.7999999999999998,82.5
721,2014-12-23,31,18,2.0,79.75
722,2014-12-24,32,18,0.9999999999999999,81.5
723,2014-12-25,32,20,0.9,81.25
724,2014-12-26,32,18,1.7,79.25
725,2014-12-27,30,18,5.0,83.5
726,2014-12-28,31,18,1.2,82.625
727,2014-12-29,31,18,1.4000000000000001,83.25
728,2014-12-30,31,17,1.0999999999999999,80.0
729,2014-12-31,32,17,1.1,80.0
730,2015-01-01,32,17,0.7,77.25
731,2015-01-02,33,17,0.4,73.5
732,2015-01-03,33,16,1.3,72.25
733,2015-01-04,33,16,1.7,75.0
734,2015-01-05,33,17,4.1,73.875
735,2015-01-06,32,15,7.8,76.75
736,2015-01-07,32,16,10.9,77.0
737,2015-01-08,31,17,16.7,81.75
738,2015-01-09,30,17,20.5,84.75
739,2015-01-10,32,18,9.1,81.375
740,2015-01-11,32,18,2.6,80.375
741,2015-01-12,31,18,7.2,83.5
742,2015-01-13,31,20,4.9,85.375
743,2015-01-14,31,19,3.0,85.375
744,2015-01-15,30,20,2.4,85.0
745,2015-01-16,30,19,1.9000000000000001,85.125
746,2015-01-17,30,19,7.0,85.25
747,2015-01-18,32,18,2.8,79.75
748,2015-01-19,31,17,5.8,84.125
749,2015-01-20,31,19,6.6,82.875
750,2015-01-21,31,18,10.5,85.875
751,2015-01-22,29,18,5.6,85.0
752,2015-01-23,29,17,7.8999999999999995,86.625
753,2015-01-24,32,18,0.8,80.0
754,2015-01-25,32,18,1.4,81.75
755,2015-01-26,32,18,1.7,82.75
756,2015-01-27,28,18,4.8999999999999995,86.125
757,2015-01-28,32,18,7.3,81.625
758,2015-01-29,31,19,13.799999999999999,83.625
759,2015-01-30,31,18,19.099999999999998,84.125
760,2015-01-31,31,18,20.5,85.625
761,2015-02-01,31,19,24.1,83.625
762,2015-02-02,31,19,37.9,84.75
763,2015-02-03,30,19,33.0,85.75
764,2015-02-04,31,19,37.5,86.125
765,2015-02-05,31,19,21.0,84.625
766,2015-02-06,28,19,11.1,81.125
767,2015-02-07,31,17,10.6,78.875
768,2015-02-08,30,16,13.500000000000002,80.625
769,2015-02-09,31,16,7.499999999999998,79.625
770,2015-02-10,32,16,1.9,78.75
771,2015-02-11,31,18,3.5,85.125
772,2015-02-12,31,18,11.2,84.75
773,2015-02-13,33,20,4.700000000000001,83.75
774,2015-02-14,25,18,19.300000000000004,91.25
775,2015-02-15,32,20,2.6,81.75
776,2015-02-16,32,19,0.6,82.75
777,2015-02-17,32,19,0.7999999999999999,82.875
778,2015-02-18,31,19,0.9999999999999999,83.125
779,2015-02-19,30,20,2.4,84.375
780,2015-02-20,29,17,4.8999999999999995,83.75
781,2015-02-21,34,17,0.7999999999999999,73.375
782,2015-02-22,32,18,3.1,79.625
783,2015-02-23,33,18,3.4000000000000004,78.625
784,2015-02-24,33,18,3.2,79.25
785,2015-02-25,32,18,7.9,81.25
786,2015-02-26,32,19,1.7999999999999998,81.125
787,2015-02-27,32,19,0.9,80.5
788,2015-02-28,32,19,3.0999999999999996,80.75
789,2015-03-01,33,19,10.8,79.875
790,2015-03-02,32,19,10.0,81.375
791,2015-03-03,32,19,5.8,80.625
792,2015-03-04,33,19,2.1,81.5
793,2015-03-05,33,19,7.800000000000001,80.25
794,2015-03-06,32,19,2.9,79.0
795,2015-03-07,33,19,11.4,81.125
796,2015-03-08,32,19,33.5,83.875
797,2015-03-09,32,20,28.700000000000003,85.25
798,2015-03-10,32,20,49.0,86.125
799,2015-03-11,31,19,47.4,85.625
800,2015-03-12,32,20,30.099999999999994,84.5
801,2015-03-13,32,20,10.299999999999999,81.75
802,2015-03-14,33,20,0.2,80.875
803,2015-03-15,32,19,28.099999999999998,84.375
804,2015-03-16,30,20,28.1,85.625
805,2015-03-17,30,19,8.9,85.75
806,2015-03-18,26,17,3.8000000000000003,84.0
807,2015-03-19,29,16,1.4,78.875
808,2015-03-20,32,17,2.5,77.625
809,2015-03-21,33,15,0.4,72.25
810,2015-03-22,32,17,2.1,75.5
811,2015-03-23,32,18,11.6,81.875
812,2015-03-24,32,19,3.9000000000000004,80.875
813,2015-03-25,31,19,3.7,81.5
814,2015-03-26,33,20,1.8,80.5
815,2015-03-27,32,19,3.9999999999999996,82.75
816,2015-03-28,32,19,1.4,82.375
817,2015-03-29,28,19,6.7,88.375
818,2015-03-30,31,19,4.5,84.25
819,2015-03-31,34,18,1.4000000000000004,76.25
820,2015-04-01,32,20,9.7,80.5
821,2015-04-02,31,20,1.6000000000000003,82.5
822,2015-04-03,33,19,6.7,81.0
823,2015-04-04,33,19,4.3,79.625
824,2015-04-05,32,20,24.8,82.875
825,2015-04-06,32,19,30.099999999999998,83.625
826,2015-04-07,32,20,32.0,84.125
827,2015-04-08,32,20,13.399999999999999,79.375
828,2015-04-09,33,20,16.1,80.625
829,2015-04-10,34,20,26.1,80.0
830,2015-04-11,32,20,25.2,81.625
831,2015-04-12,30,20,4.8,82.875
832,2015-04-13,32,20,10.5,81.875
833,2015-04-14,31,20,7.899999999999999,84.5
834,2015-04-15,28,20,18.699999999999996,83.75
835,2015-04-16,32,20,7.9,82.75
836,2015-04-17,32,20,5.4,80.125
837,2015-04-18,34,18,1.0,70.0
838,2015-04-19,30,19,4.6,79.25
839,2015-04-20,31,19,13.8,82.625
840,2015-04-21,29,20,5.3,83.375
841,2015-04-22,29,19,2.0999999999999996,88.0
842,2015-04-23,32,19,2.3000000000000003,83.25
843,2015-04-24,33,20,4.6,83.125
844,2015-04-25,27,20,8.2,89.375
845,2015-04-26,32,19,6.400000000000001,84.375
846,2015-04-27,32,21,3.3,86.75
847,2015-04-28,32,20,11.1,85.75
848,2015-04-29,31,20,8.399999999999999,86.375
849,2015-04-30,31,20,9.4,84.25
850,2015-05-01,29,20,2.2,86.0
851,2015-05-02,29,19,2.4000000000000004,87.25
852,2015-05-03,27,20,12.499999999999998,90.25
853,2015-05-04,32,19,5.800000000000001,83.375
854,2015-05-05,33,20,10.5,81.375
855,2015-05-06,32,21,5.499999999999999,82.875
856,2015-05-07,32,19,4.9,82.75
857,2015-05-08,32,20,9.6,83.875
858,2015-05-09,29,20,20.999999999999996,90.5
859,2015-05-10,31,20,22.4,88.125
860,2015-05-11,32,20,33.9,88.0
861,2015-05-12,32,20,17.6,88.0
862,2015-05-13,30,18,20.1,88.75
863,2015-05-14,25,20,13.9,95.5
864,2015-05-15,29,19,7.7,86.75
865,2015-05-16,30,20,14.9,88.5
866,2015-05-17,31,19,19.099999999999994,87.75
867,2015-05-18,31,19,9.200000000000001,84.625
868,2015-05-19,32,19,3.1,83.75
869,2015-05-20,30,19,8.5,87.5
870,2015-05-21,31,20,13.700000000000001,86.0
871,2015-05-22,32,20,5.8,82.75
872,2015-05-23,32,19,3.5,81.25
873,2015-05-24,30,19,6.199999999999999,84.375
874,2015-05-25,32,19,9.8,84.25
875,2015-05-26,32,20,4.0,85.25
876,2015-05-27,31,19,9.899999999999999,87.375
877,2015-05-28,31,19,2.6,86.25
878,2015-05-29,31,19,7.6,88.0
879,2015-05-30,31,19,4.4,86.0
880,2015-05-31,32,20,2.4,82.25
881,2015-06-01,31,20,1.0,84.75
882,2015-06-02,31,20,4.8,87.375
883,2015-06-03,31,20,4.2,87.0
884,2015-06-04,31,20,3.4999999999999996,86.625
885,2015-06-05,31,19,4.2,86.625
886,2015-06-06,31,19,2.8,86.375
887,2015-06-07,30,19,2.0,85.625
888,2015-06-08,31,19,2.8,83.875
889,2015-06-09,27,20,9.4,89.875
890,2015-06-10,31,19,2.7,85.125
891,2015-06-11,32,19,1.4,83.0
892,2015-06-12,31,17,5.400000000000001,88.625
893,2015-06-13,31,19,1.7,83.125
894,2015-06-14,32,19,1.3,82.625
895,2015-06-15,33,19,3.4000000000000004,79.0
896,2015-06-16,34,19,8.4,81.875
897,2015-06-17,32,20,5.3999999999999995,84.25
898,2015-06-18,33,19,8.600000000000001,82.375
899,2015-06-19,32,20,13.600000000000001,86.25
900,2015-06-20,30,18,11.500000000000002,85.75
901,2015-06-21,31,19,3.8000000000000003,83.875
902,2015-06-22,33,20,5.0,79.625
903,2015-06-23,33,20,11.1,81.5
904,2015-06-24,34,20,11.2,78.625
905,2015-06-25,32,20,20.5,82.75
906,2015-06-26,32,20,58.0,85.875
907,2015-06-27,31,20,48.8,88.125
908,2015-06-28,31,20,14.4,87.125
909,2015-06-29,32,20,6.000000000000001,86.125
910,2015-06-30,32,20,3.2,85.375
911,2015-07-01,31,20,10.5,85.125
912,2015-07-02,31,20,15.3,85.125
913,2015-07-03,32,20,11.9,85.0
914,2015-07-04,32,20,37.5,88.0
915,2015-07-05,27,19,14.4,92.0
916,2015-07-06,31,20,11.700000000000001,85.875
917,2015-07-07,31,19,8.8,86.0
918,2015-07-08,31,19,6.5,84.75
919,2015-07-09,30,18,12.1,86.875
920,2015-07-10,30,19,25.900000000000002,89.0
921,2015-07-11,31,19,11.699999999999998,88.25
922,2015-07-12,30,19,7.1,89.0
923,2015-07-13,30,19,3.6,87.0
924,2015-07-14,31,19,3.4,85.375
925,2015-07-15,31,18,2.1,84.25
926,2015-07-16,32,18,3.5000000000000004,84.25
927,2015-07-17,31,19,3.2,85.25
928,2015-07-18,30,19,3.6,84.875
929,2015-07-19,31,19,3.3,84.75
930,2015-07-20,31,19,4.2,83.125
931,2015-07-21,30,19,3.5000000000000004,82.125
932,2015-07-22,32,19,5.6,82.125
933,2015-07-23,31,18,2.9,84.875
934,2015-07-24,32,19,3.9000000000000004,81.5
935,2015-07-25,34,19,3.3,78.0
936,2015-07-26,32,20,16.3,82.375
937,2015-07-27,31,19,8.0,84.875
938,2015-07-28,32,19,4.8,82.75
939,2015-07-29,31,19,6.5,85.125
940,2015-07-30,30,19,3.5999999999999996,83.125
941,2015-07-31,31,19,6.800000000000001,85.125
942,2015-08-01,31,19,6.6,86.125
943,2015-08-02,30,20,14.0,87.125
944,2015-08-03,33,19,2.2,83.375
945,2015-08-04,33,20,3.8,82.625
946,2015-08-05,33,20,13.0,83.5
947,2015-08-06,32,20,12.0,83.375
948,2015-08-07,31,20,16.799999999999997,86.75
949,2015-08-08,30,20,22.7,86.375
950,2015-08-09,29,19,16.3,89.75
951,2015-08-10,31,19,18.900000000000002,85.625
952,2015-08-11,31,19,26.499999999999996,88.5
953,2015-08-12,30,19,20.300000000000004,88.625
954,2015-08-13,31,19,10.399999999999999,87.625
955,2015-08-14,31,19,8.3,87.25
956,2015-08-15,30,19,2.5,86.75
957,2015-08-16,32,20,1.7999999999999998,84.125
958,2015-08-17,30,19,3.5,86.125
959,2015-08-18,32,19,2.4,83.75
960,2015-08-19,32,20,7.700000000000001,84.5
961,2015-08-20,32,20,3.6,82.375
962,2015-08-21,31,20,1.2,83.125
963,2015-08-22,32,20,1.0,82.25
964,2015-08-23,32,19,0.6000000000000001,81.5
965,2015-08-24,31,20,1.7000000000000002,81.625
966,2015-08-25,30,19,1.4000000000000001,85.125
967,2015-08-26,32,21,3.3000000000000003,81.75
968,2015-08-27,32,20,2.5,82.125
969,2015-08-28,31,20,2.1,81.125
970,2015-08-29,32,20,5.700000000000001,83.875
971,2015-08-30,32,19,4.8,81.5
972,2015-08-31,30,19,3.5,85.125
973,2015-09-01,32,20,4.7,81.625
974,2015-09-02,32,19,14.700000000000001,83.875
975,2015-09-03,32,20,10.600000000000001,85.125
976,2015-09-04,31,20,4.8999999999999995,83.125
977,2015-09-05,31,20,0.7,82.0
978,2015-09-06,32,20,1.7999999999999998,81.875
979,2015-09-07,32,20,2.4,83.5
980,2015-09-08,31,19,2.0,84.375
981,2015-09-09,31,20,2.3,84.125
982,2015-09-10,31,19,1.2000000000000002,84.75
983,2015-09-11,32,21,4.0,81.75
984,2015-09-12,32,20,2.2,80.25
985,2015-09-13,31,19,4.1,79.625
986,2015-09-14,32,19,5.2,79.625
987,2015-09-15,32,19,5.2,80.0
988,2015-09-16,31,20,2.4,80.875
989,2015-09-17,32,20,2.7,80.875
990,2015-09-18,31,20,8.399999999999999,82.0
991,2015-09-19,33,20,17.6,79.25
992,2015-09-20,32,20,11.400000000000002,79.125
993,2015-09-21,32,21,13.099999999999998,82.875
994,2015-09-22,32,21,23.099999999999998,85.75
995,2015-09-23,32,19,13.900000000000002,85.625
996,2015-09-24,32,19,15.499999999999998,85.875
997,2015-09-25,31,20,11.8,85.0
998,2015-09-26,31,20,14.700000000000001,84.625
999,2015-09-27,31,20,14.3,82.875
1000,2015-09-28,31,19,18.5,81.0
1001,2015-09-29,30,21,22.299999999999997,85.625
1002,2015-09-30,31,20,8.8,83.0
1003,2015-10-01,30,19,9.4,82.625
1004,2015-10-02,33,20,2.1,77.875
1005,2015-10-03,32,19,6.2,81.0
1006,2015-10-04,32,21,2.2,82.75
1007,2015-10-05,32,21,2.0,84.0
1008,2015-10-06,32,20,5.7,83.75
1009,2015-10-07,31,20,13.600000000000001,85.375
1010,2015-10-08,32,20,25.400000000000002,86.0
1011,2015-10-09,30,20,17.8,87.25
1012,2015-10-10,32,20,5.6,84.75
1013,2015-10-11,32,20,2.6,83.0
1014,2015-10-12,30,21,5.8999999999999995,85.125
1015,2015-10-13,31,21,10.9,84.0
1016,2015-10-14,30,20,11.699999999999998,85.125
1017,2015-10-15,33,20,3.7,79.125
1018,2015-10-16,32,20,3.5999999999999996,79.625
1019,2015-10-17,32,20,4.3,81.0
1020,2015-10-18,33,20,5.8,80.75
1021,2015-10-19,33,21,10.6,80.5
1022,2015-10-20,32,21,9.200000000000001,82.0
1023,2015-10-21,32,20,12.3,82.625
1024,2015-10-22,33,19,2.4000000000000004,80.25
1025,2015-10-23,32,20,10.399999999999999,83.25
1026,2015-10-24,31,21,12.499999999999998,83.375
1027,2015-10-25,32,20,19.900000000000002,81.75
1028,2015-10-26,31,20,29.0,85.0
1029,2015-10-27,31,20,26.0,84.875
1030,2015-10-28,32,19,8.700000000000001,82.875
1031,2015-10-29,32,20,3.5,82.0
1032,2015-10-30,32,19,2.1,83.875
1033,2015-10-31,28,20,10.3,87.75
1034,2015-11-01,30,19,5.699999999999999,83.125
1035,2015-11-02,33,16,7.6,78.25
1036,2015-11-03,32,17,0.0,71.75
1037,2015-11-04,33,18,2.6,79.0
1038,2015-11-05,32,19,5.699999999999999,82.625
1039,2015-11-06,30,17,2.0999999999999996,78.875
1040,2015-11-07,33,18,6.6000000000000005,79.25
1041,2015-11-08,32,18,2.4000000000000004,78.625
1042,2015-11-09,31,20,15.4,83.875
1043,2015-11-10,31,20,11.600000000000001,85.75
1044,2015-11-11,32,20,8.299999999999999,85.625
1045,2015-11-12,32,20,1.5999999999999999,83.125
1046,2015-11-13,31,20,19.400000000000002,87.25
1047,2015-11-14,31,20,30.400000000000002,88.5
1048,2015-11-15,31,21,28.6,86.5
1049,2015-11-16,30,21,17.599999999999998,87.25
1050,2015-11-17,31,20,10.499999999999998,85.25
1051,2015-11-18,32,19,2.4,81.75
1052,2015-11-19,33,19,0.8999999999999999,79.5
1053,2015-11-20,32,18,1.2,79.0
1054,2015-11-21,32,19,6.800000000000001,82.25
1055,2015-11-22,33,20,6.8,82.875
1056,2015-11-23,32,20,4.6,82.5
1057,2015-11-24,33,20,2.8000000000000003,79.5
1058,2015-11-25,32,19,3.6000000000000005,82.875
1059,2015-11-26,32,20,10.8,83.25
1060,2015-11-27,32,20,11.100000000000001,83.25
1061,2015-11-28,32,20,1.7,81.5
1062,2015-11-29,33,19,4.0,79.25
1063,2015-11-30,32,21,20.7,85.125
1064,2015-12-01,31,21,34.99999999999999,87.25
1065,2015-12-02,31,20,43.3,87.0
1066,2015-12-03,31,20,37.5,87.75
1067,2015-12-04,30,20,29.5,85.875
1068,2015-12-05,31,19,25.799999999999997,85.75
1069,2015-12-06,31,20,11.899999999999999,86.125
1070,2015-12-07,30,20,19.299999999999997,87.0
1071,2015-12-08,30,20,19.099999999999998,86.625
1072,2015-12-09,32,20,14.099999999999998,83.875
1073,2015-12-10,32,19,7.1,82.25
1074,2015-12-11,31,20,3.2,83.0
1075,2015-12-12,32,19,1.4,80.75
1076,2015-12-13,32,20,2.2,82.625
1077,2015-12-14,32,20,16.2,84.375
1078,2015-12-15,32,19,5.900000000000001,80.75
1079,2015-12-16,31,20,13.600000000000001,84.75
1080,2015-12-17,32,19,16.8,83.375
1081,2015-12-18,31,20,17.0,83.75
1082,2015-12-19,33,19,27.1,80.625
1083,2015-12-20,32,20,29.4,84.375
1084,2015-12-21,32,20,18.6,83.25
1085,2015-12-22,31,20,12.500000000000002,84.875
1086,2015-12-23,31,20,25.4,85.625
1087,2015-12-24,32,20,18.1,82.125
1088,2015-12-25,31,19,16.4,83.75
1089,2015-12-26,31,20,13.100000000000001,85.0
1090,2015-12-27,31,20,24.7,86.25
1091,2015-12-28,32,19,30.1,85.125
1092,2015-12-29,31,20,31.200000000000003,83.625
1093,2015-12-30,34,20,11.1,80.125
1094,2015-12-31,34,20,4.800000000000001,79.75
1095,2016-01-01,33,21,6.9,82.0
1096,2016-01-02,33,20,6.3,77.75
1097,2016-01-03,33,20,5.1,80.0
1098,2016-01-04,31,19,0.7,77.25
1099,2016-01-05,33,18,1.5,77.625
1100,2016-01-06,32,19,2.6,80.125
1101,2016-01-07,33,19,0.2,81.625
1102,2016-01-08,33,19,0.1,81.125
1103,2016-01-09,32,19,0.9,79.375
1104,2016-01-10,31,18,6.199999999999999,84.75
1105,2016-01-11,27,17,20.600000000000005,86.375
1106,2016-01-12,32,18,2.4000000000000004,83.25
1107,2016-01-13,32,19,4.1,85.0
1108,2016-01-14,31,19,2.3000000000000003,84.125
1109,2016-01-15,32,18,0.9,79.625
1110,2016-01-16,32,19,1.8000000000000003,82.125
1111,2016-01-17,31,19,3.8999999999999995,84.5
1112,2016-01-18,32,18,1.1,79.875
1113,2016-01-19,32,19,3.1,79.875
1114,2016-01-20,33,18,0.8999999999999999,77.375
1115,2016-01-21,33,19,2.5,81.0
1116,2016-01-22,33,20,1.7000000000000002,79.875
1117,2016-01-23,34,20,1.1,78.5
1118,2016-01-24,33,20,4.7,81.125
1119,2016-01-25,35,19,7.500000000000001,77.5
1120,2016-01-26,33,19,0.2,79.25
1121,2016-01-27,31,19,0.4,79.75
1122,2016-01-28,32,19,0.6,80.75
1123,2016-01-29,33,18,4.0,80.375
1124,2016-01-30,33,18,0.9,78.125
1125,2016-01-31,33,18,0.7000000000000001,78.75
1126,2016-02-01,32,19,0.8,79.75
1127,2016-02-02,32,19,1.0999999999999999,80.5
1128,2016-02-03,32,19,6.699999999999999,82.0
1129,2016-02-04,32,19,10.3,80.625
1130,2016-02-05,32,19,10.700000000000001,81.25
1131,2016-02-06,33,19,14.000000000000002,80.25
1132,2016-02-07,32,19,15.400000000000002,84.125
1133,2016-02-08,32,19,40.5,86.0
1134,2016-02-09,32,20,27.400000000000002,86.375
1135,2016-02-10,32,20,33.7,86.75
1136,2016-02-11,32,20,31.2,87.75
1137,2016-02-12,32,19,19.200000000000003,85.0
1138,2016-02-13,33,19,6.0,81.5
1139,2016-02-14,32,20,23.0,85.625
1140,2016-02-15,32,19,32.7,86.625
1141,2016-02-16,32,20,21.699999999999996,85.125
1142,2016-02-17,32,20,22.1,86.25
1143,2016-02-18,33,20,3.1,83.5
1144,2016-02-19,33,20,13.7,84.5
1145,2016-02-20,32,21,10.800000000000002,84.5
1146,2016-02-21,33,20,11.0,83.5
1147,2016-02-22,30,20,13.500000000000002,86.125
1148,2016-02-23,32,19,1.4000000000000001,80.625
1149,2016-02-24,32,20,1.6,81.625
1150,2016-02-25,30,20,8.7,86.75
1151,2016-02-26,32,19,1.8000000000000003,83.375
1152,2016-02-27,34,20,2.0,82.875
1153,2016-02-28,32,20,0.5,82.625
1154,2016-03-01,32,20,0.6,81.625
1155,2016-03-02,32,20,2.0,82.5
1156,2016-03-03,32,20,4.200000000000001,82.625
1157,2016-03-04,30,20,12.200000000000001,87.375
1158,2016-03-05,33,19,8.499999999999998,81.625
1159,2016-03-06,28,19,14.700000000000001,88.0
1160,2016-03-07,32,20,4.1,84.125
1161,2016-03-08,33,20,1.7,80.375
1162,2016-03-09,33,19,0.6,79.875
1163,2016-03-10,32,21,0.7000000000000001,83.25
1164,2016-03-11,32,20,0.30000000000000004,79.0
1165,2016-03-12,33,20,0.9,77.875
1166,2016-03-13,33,20,0.4,79.625
1167,2016-03-14,32,19,3.5,83.625
1168,2016-03-15,34,20,3.3,80.375
1169,2016-03-16,32,20,1.7999999999999998,80.75
1170,2016-03-17,28,20,6.1,88.625
1171,2016-03-18,32,20,4.000000000000001,82.25
1172,2016-03-19,33,21,3.2,80.875
1173,2016-03-20,33,21,2.1,82.125
1174,2016-03-21,32,20,1.5000000000000002,83.0
1175,2016-03-22,32,20,2.6999999999999997,83.5
1176,2016-03-23,33,21,2.5,81.125
1177,2016-03-24,33,20,1.8,81.625
1178,2016-03-25,32,21,28.200000000000003,85.25
1179,2016-03-26,32,20,11.999999999999996,82.75
1180,2016-03-27,33,20,8.3,85.5
1181,2016-03-28,32,21,14.4,84.25
1182,2016-03-29,31,21,3.5000000000000004,81.625
1183,2016-03-30,26,20,10.3,89.375
1184,2016-03-31,29,20,4.500000000000001,85.625
1185,2016-04-01,32,20,5.0,83.25
1186,2016-04-02,30,20,5.3,83.375
1187,2016-04-03,33,18,3.6,76.875
1188,2016-04-04,33,20,6.5,80.125
1189,2016-04-05,29,22,20.6,85.25
1190,2016-04-06,34,20,6.2,79.75
1191,2016-04-07,33,20,8.1,84.25
1192,2016-04-08,33,21,10.8,84.25
1193,2016-04-09,32,21,16.599999999999998,86.75
1194,2016-04-10,30,21,20.399999999999995,88.375
1195,2016-04-11,29,21,11.4,90.5
1196,2016-04-12,27,21,16.5,91.125
1197,2016-04-13,27,17,16.6,84.625
1198,2016-04-14,34,19,0.4,70.625
1199,2016-04-15,34,20,5.3,81.75
1200,2016-04-16,32,20,21.800000000000004,87.0
1201,2016-04-17,31,20,11.599999999999998,88.375
1202,2016-04-18,32,20,9.3,86.25
1203,2016-04-19,32,20,15.599999999999998,88.0
1204,2016-04-20,32,21,7.0,86.625
1205,2016-04-21,30,21,9.400000000000002,85.5
1206,2016-04-22,32,21,6.9,86.25
1207,2016-04-23,30,21,11.399999999999999,88.5
1208,2016-04-24,29,21,9.600000000000001,88.75
1209,2016-04-25,29,19,4.3,87.25
1210,2016-04-26,31,19,12.0,87.375
1211,2016-04-27,33,20,2.2,82.625
1212,2016-04-28,26,19,11.499999999999998,93.625
1213,2016-04-29,29,20,2.8000000000000003,84.75
1214,2016-04-30,32,19,2.4,76.875
1215,2016-05-01,28,20,11.799999999999999,87.25
1216,2016-05-02,32,21,2.6,82.0
1217,2016-05-03,32,20,1.5000000000000002,81.5
1218,2016-05-04,28,20,9.600000000000001,89.25
1219,2016-05-05,33,20,5.1,81.625
1220,2016-05-06,31,20,12.500000000000002,84.625
1221,2016-05-07,31,21,2.1,82.625
1222,2016-05-08,32,20,2.3000000000000003,81.875
1223,2016-05-09,32,20,27.5,86.375
1224,2016-05-10,31,20,19.2,84.5
1225,2016-05-11,32,20,10.0,84.875
1226,2016-05-12,32,19,3.0,84.0
1227,2016-05-13,33,20,7.200000000000001,83.125
1228,2016-05-14,33,21,10.1,85.0
1229,2016-05-15,32,21,7.4,86.0
1230,2016-05-16,32,20,10.7,86.75
1231,2016-05-17,31,21,6.200000000000001,87.125
1232,2016-05-18,31,20,2.5999999999999996,85.75
1233,2016-05-19,32,20,24.000000000000004,88.5
1234,2016-05-20,32,20,12.099999999999998,88.25
1235,2016-05-21,32,21,26.1,89.75
1236,2016-05-22,32,20,34.1,89.75
1237,2016-05-23,32,20,17.0,89.25
1238,2016-05-24,32,21,7.699999999999999,87.25
1239,2016-05-25,28,21,7.6,92.125
1240,2016-05-26,31,20,16.1,81.75
1241,2016-05-27,32,20,9.100000000000001,85.125
1242,2016-05-28,32,20,21.5,86.875
1243,2016-05-29,31,19,3.9000000000000004,85.875
1244,2016-05-30,29,20,27.699999999999996,87.875
1245,2016-05-31,31,19,17.5,86.0
1246,2016-06-01,31,19,5.0,86.0
1247,2016-06-02,30,20,3.7,86.375
1248,2016-06-03,30,19,4.2,86.75
1249,2016-06-04,31,20,2.9,83.125
1250,2016-06-05,31,19,2.2,83.875
1251,2016-06-06,31,19,1.5,82.5
1252,2016-06-07,31,19,2.0,84.125
1253,2016-06-08,31,20,6.300000000000001,84.5
1254,2016-06-09,30,20,4.2,84.25
1255,2016-06-10,31,19,1.7,83.875
1256,2016-06-11,31,19,1.1,82.25
1257,2016-06-12,32,19,1.3,83.625
1258,2016-06-13,31,19,6.3,83.625
1259,2016-06-14,32,19,2.0,82.625
1260,2016-06-15,32,18,2.7,82.5
1261,2016-06-16,31,19,1.7000000000000002,83.375
1262,2016-06-17,31,19,1.6,83.0
1263,2016-06-18,33,18,1.3,79.5
1264,2016-06-19,31,19,2.1,83.625
1265,2016-06-20,32,19,1.7,81.875
1266,2016-06-21,31,19,2.8,85.75
1267,2016-06-22,31,19,4.199999999999999,84.625
1268,2016-06-23,31,19,2.1,82.375
1269,2016-06-24,31,19,3.6999999999999997,83.25
1270,2016-06-25,32,19,9.9,83.125
1271,2016-06-26,32,19,5.8,83.75
1272,2016-06-27,32,19,23.8,86.0
1273,2016-06-28,30,20,31.4,87.5
1274,2016-06-29,31,20,16.1,88.0
1275,2016-06-30,31,19,1.4000000000000001,85.625
1276,2016-07-01,30,19,2.9999999999999996,87.375
1277,2016-07-02,28,18,1.6,88.375
1278,2016-07-03,30,18,2.7,86.125
1279,2016-07-04,31,20,1.5,85.5
1280,2016-07-05,30,19,1.9999999999999998,82.625
1281,2016-07-06,32,19,1.5,82.5
1282,2016-07-07,31,19,6.5,85.875
1283,2016-07-08,31,19,0.30000000000000004,83.75
1284,2016-07-09,31,19,0.30000000000000004,83.5
1285,2016-07-10,31,19,2.3000000000000003,83.5
1286,2016-07-11,30,18,1.9000000000000001,85.5
1287,2016-07-12,31,19,2.1,84.625
1288,2016-07-13,30,18,2.6,85.875
1289,2016-07-14,30,19,1.5,86.125
1290,2016-07-15,30,18,4.2,85.875
1291,2016-07-16,32,19,5.7,81.375
1292,2016-07-17,32,19,2.4999999999999996,83.0
1293,2016-07-18,32,18,1.3,81.0
1294,2016-07-19,31,19,1.6,82.0
1295,2016-07-20,32,19,2.1,79.75
1296,2016-07-21,31,18,4.1,82.625
1297,2016-07-22,31,18,5.3,81.25
1298,2016-07-23,31,18,2.5,82.125
1299,2016-07-24,32,18,1.3,81.25
1300,2016-07-25,33,19,2.4000000000000004,78.25
1301,2016-07-26,32,19,2.3000000000000003,82.0
1302,2016-07-27,32,19,3.9,82.25
1303,2016-07-28,31,19,2.6,82.25
1304,2016-07-29,30,19,1.6,84.125
1305,2016-07-30,28,18,1.4000000000000001,83.625
1306,2016-07-31,32,18,2.0,81.75
1307,2016-08-01,31,18,4.2,82.25
1308,2016-08-02,32,19,1.8,82.25
1309,2016-08-03,30,19,0.8999999999999999,79.875
1310,2016-08-04,32,18,2.0,81.5
1311,2016-08-05,33,19,1.5999999999999999,78.125
1312,2016-08-06,32,20,2.9000000000000004,80.0
1313,2016-08-07,32,20,4.9,81.5
1314,2016-08-08,32,20,4.4,82.25
1315,2016-08-09,32,20,9.899999999999999,81.875
1316,2016-08-10,32,19,11.600000000000001,85.0
1317,2016-08-11,31,19,7.0,84.375
1318,2016-08-12,31,19,3.6,84.875
1319,2016-08-13,32,20,7.9,80.5
1320,2016-08-14,31,19,5.0,83.375
1321,2016-08-15,32,19,1.7999999999999998,83.125
1322,2016-08-16,32,18,1.4000000000000001,83.875
1323,2016-08-17,31,20,2.7,83.75
1324,2016-08-18,32,20,4.6000000000000005,84.0
1325,2016-08-19,31,20,10.5,83.5
1326,2016-08-20,32,19,13.9,84.25
1327,2016-08-21,31,19,20.400000000000002,85.0
1328,2016-08-22,32,19,8.200000000000001,81.875
1329,2016-08-23,31,19,4.4,80.875
1330,2016-08-24,31,18,1.5,79.875
1331,2016-08-25,32,19,1.9,80.875
1332,2016-08-26,31,19,2.0,81.75
1333,2016-08-27,32,19,1.6,80.25
1334,2016-08-28,33,19,1.7000000000000002,77.625
1335,2016-08-29,31,19,3.0999999999999996,81.375
1336,2016-08-30,31,20,6.000000000000001,83.375
1337,2016-08-31,32,20,2.1,81.875
1338,2016-09-01,31,20,1.5000000000000002,82.625
1339,2016-09-02,31,20,1.7,80.5
1340,2016-09-03,32,19,0.8,79.5
1341,2016-09-04,32,20,1.5999999999999999,80.125
1342,2016-09-05,32,20,2.1999999999999997,80.75
1343,2016-09-06,31,19,2.2,80.875
1344,2016-09-07,32,20,2.1,76.75
1345,2016-09-08,33,19,6.6,79.375
1346,2016-09-09,32,19,2.0999999999999996,82.125
1347,2016-09-10,32,19,3.5,79.75
1348,2016-09-11,27,20,5.0,84.5
1349,2016-09-12,31,19,2.0,82.125
1350,2016-09-13,32,20,3.9999999999999996,82.0
1351,2016-09-14,30,19,1.8,80.875
1352,2016-09-15,32,20,1.7000000000000002,77.875
1353,2016-09-16,32,19,1.6,79.625
1354,2016-09-17,32,19,1.0,79.0
1355,2016-09-18,33,20,8.2,79.125
1356,2016-09-19,32,20,22.6,81.5
1357,2016-09-20,31,20,39.5,83.0
1358,2016-09-21,32,20,16.1,84.625
1359,2016-09-22,31,19,13.1,84.25
1360,2016-09-23,32,19,13.100000000000001,85.5
1361,2016-09-24,31,20,15.3,84.375
1362,2016-09-25,31,19,8.5,84.625
1363,2016-09-26,31,20,10.100000000000001,83.375
1364,2016-09-27,30,19,12.3,87.125
1365,2016-09-28,32,19,1.6,84.375
1366,2016-09-29,31,20,1.1,82.0
1367,2016-09-30,28,19,15.8,88.0
1368,2016-10-01,27,19,30.400000000000002,89.875
1369,2016-10-02,33,20,15.399999999999999,79.375
1370,2016-10-03,32,18,0.2,74.625
1371,2016-10-04,32,19,0.2,80.375
1372,2016-10-05,32,19,1.1,81.375
1373,2016-10-06,32,19,3.1,82.625
1374,2016-10-07,30,20,6.199999999999999,84.125
1375,2016-10-08,30,18,13.799999999999999,87.0
1376,2016-10-09,31,19,1.0,81.875
1377,2016-10-10,31,19,2.0,81.875
1378,2016-10-11,31,19,3.0,82.875
1379,2016-10-12,30,20,11.100000000000003,86.5
1380,2016-10-13,33,20,12.299999999999999,82.375
1381,2016-10-14,32,19,1.4,81.75
1382,2016-10-15,29,20,3.4000000000000004,83.5
1383,2016-10-16,31,19,11.100000000000001,85.0
1384,2016-10-17,32,20,3.1000000000000005,83.75
1385,2016-10-18,32,20,9.5,83.125
1386,2016-10-19,31,20,3.2,84.5
1387,2016-10-20,31,20,0.7,83.875
1388,2016-10-21,31,20,4.1,83.25
1389,2016-10-22,33,20,2.4000000000000004,81.75
1390,2016-10-23,32,20,7.7,82.5
1391,2016-10-24,30,21,10.1,85.5
1392,2016-10-25,25,18,33.8,88.75
1393,2016-10-26,31,17,9.700000000000001,81.75
1394,2016-10-27,34,18,2.5,77.375
1395,2016-10-28,31,19,0.30000000000000004,81.375
1396,2016-10-29,29,20,4.3,83.375
1397,2016-10-30,31,20,2.4000000000000004,83.25
1398,2016-10-31,31,19,5.1,85.75
1399,2016-11-01,31,18,6.3,85.5
1400,2016-11-02,31,19,4.3,86.0
1401,2016-11-03,32,20,1.3000000000000003,82.25
1402,2016-11-04,33,19,5.2,80.5
1403,2016-11-05,32,20,13.7,82.0
1404,2016-11-06,31,20,8.799999999999999,82.5
1405,2016-11-07,30,20,8.5,84.625
1406,2016-11-08,29,19,20.8,88.75
1407,2016-11-09,31,19,21.599999999999998,86.75
1408,2016-11-10,31,20,20.8,85.75
1409,2016-11-11,24,20,39.3,95.5
1410,2016-11-12,29,18,3.0000000000000004,88.0
1411,2016-11-13,29,18,3.0000000000000004,86.5
1412,2016-11-14,30,18,6.300000000000001,83.75
1413,2016-11-15,28,15,2.9000000000000004,77.5
1414,2016-11-16,32,16,0.7,66.375
1415,2016-11-17,32,17,0.7999999999999999,66.375
1416,2016-11-18,32,18,1.0,81.25
1417,2016-11-19,31,18,15.900000000000002,83.5
1418,2016-11-20,29,18,6.5,80.375
1419,2016-11-21,32,16,0.0,70.125
1420,2016-11-22,32,16,0.0,75.875
1421,2016-11-23,29,18,0.30000000000000004,84.375
1422,2016-11-24,30,18,0.8,83.5
1423,2016-11-25,30,19,4.6,86.375
1424,2016-11-26,29,19,11.700000000000001,86.625
1425,2016-11-27,32,18,1.7999999999999998,84.375
1426,2016-11-28,32,19,0.7999999999999999,82.75
1427,2016-11-29,32,19,1.9000000000000001,83.375
1428,2016-11-30,30,19,4.9,85.875
1429,2016-12-01,28,19,12.900000000000002,87.375
1430,2016-12-02,30,19,26.2,85.5
1431,2016-12-03,28,19,8.3,86.125
1432,2016-12-04,28,18,10.8,87.0
1433,2016-12-05,30,18,18.6,86.5
1434,2016-12-06,32,19,11.4,84.0
1435,2016-12-07,27,19,3.1000000000000005,87.5
1436,2016-12-08,29,19,5.1000000000000005,84.625
1437,2016-12-09,27,18,13.0,89.0
1438,2016-12-10,29,18,18.700000000000003,87.625
1439,2016-12-11,31,18,2.9000000000000004,85.5
1440,2016-12-12,30,19,0.1,84.25
1441,2016-12-13,31,18,1.0,83.25
1442,2016-12-14,31,18,0.7,82.25
1443,2016-12-15,32,19,1.1,80.0
1444,2016-12-16,32,19,2.3,82.0
1445,2016-12-17,32,18,0.7999999999999999,80.5
1446,2016-12-18,32,17,1.7999999999999998,78.25
1447,2016-12-19,32,19,14.3,82.125
1448,2016-12-20,25,17,31.4,85.625
1449,2016-12-21,19,15,75.0,89.875
1450,2016-12-22,27,14,10.899999999999999,83.875
1451,2016-12-23,30,17,2.3,82.875
1452,2016-12-24,29,18,7.6,86.875
1453,2016-12-25,30,18,8.5,86.875
1454,2016-12-26,31,18,3.6999999999999997,86.0
1455,2016-12-27,32,18,4.3,82.75
1456,2016-12-28,31,19,10.2,85.25
1457,2016-12-29,32,19,4.7,83.0
1458,2016-12-30,32,19,2.3000000000000003,83.5
1459,2016-12-31,31,19,3.6,81.75
1460,2017-01-01,31,19,1.2,83.375
1461,2017-01-02,32,19,0.1,82.0
1462,2017-01-03,32,19,5.1,82.0
1463,2017-01-04,32,19,7.6,81.375
1464,2017-01-05,31,19,7.4,83.625
1465,2017-01-06,32,17,0.9000000000000001,79.625
1466,2017-01-07,32,18,4.4,81.625
1467,2017-01-08,32,18,10.5,81.5
1468,2017-01-09,31,17,9.9,80.625
1469,2017-01-10,32,16,14.8,76.5
1470,2017-01-11,32,18,6.2,80.25
1471,2017-01-12,32,18,3.5000000000000004,77.875
1472,2017-01-13,31,18,15.3,83.5
1473,2017-01-14,32,16,22.0,80.0
1474,2017-01-15,32,15,1.5,76.75
1475,2017-01-16,32,15,0.7000000000000001,75.25
1476,2017-01-17,32,15,0.8,79.5
1477,2017-01-18,32,16,0.9999999999999999,79.25
1478,2017-01-19,31,17,0.7000000000000001,79.75
1479,2017-01-20,28,17,9.4,86.625
1480,2017-01-21,28,17,30.299999999999997,84.875
1481,2017-01-22,32,15,0.2,77.5
1482,2017-01-23,31,12,0.1,61.0
1483,2017-01-24,31,15,0.2,79.625
1484,2017-01-25,30,17,1.2,81.625
1485,2017-01-26,31,18,2.1,82.875
1486,2017-01-27,32,18,4.5,80.75
1487,2017-01-28,32,19,2.0999999999999996,80.125
1488,2017-01-29,32,19,2.2,80.75
1489,2017-01-30,30,19,5.6,82.875
1490,2017-01-31,32,18,2.6,79.875
1491,2017-02-01,32,19,0.8999999999999999,79.875
1492,2017-02-02,32,18,2.3,80.75
1493,2017-02-03,31,19,8.7,81.125
1494,2017-02-04,32,18,20.6,83.5
1495,2017-02-05,32,19,30.099999999999998,84.625
1496,2017-02-06,32,19,7.3,82.875
1497,2017-02-07,32,19,1.0,82.125
1498,2017-02-08,32,19,1.2000000000000002,82.25
1499,2017-02-09,32,19,2.6,79.75
1500,2017-02-10,33,18,5.2,77.75
1501,2017-02-11,34,18,2.0,74.875
1502,2017-02-12,32,16,0.30000000000000004,75.125
1503,2017-02-13,32,15,0.7,71.375
1504,2017-02-14,31,14,0.0,53.875
1505,2017-02-15,33,15,0.0,46.875
1506,2017-02-16,33,14,0.0,46.625
1507,2017-02-17,33,15,0.0,59.875
1508,2017-02-18,33,15,0.0,62.25
1509,2017-02-19,31,17,0.9999999999999999,80.75
1510,2017-02-20,33,18,0.6000000000000001,77.75
1511,2017-02-21,32,19,1.7000000000000002,81.875
1512,2017-02-22,27,18,2.0,85.5
1513,2017-02-23,31,17,1.4000000000000001,79.0
1514,2017-02-24,34,18,0.6000000000000001,77.625
1515,2017-02-25,32,18,1.9000000000000001,75.625
1516,2017-02-26,31,16,6.0,75.875
1517,2017-02-27,31,18,1.4000000000000001,80.5
1518,2017-02-28,31,19,3.0999999999999996,80.875
1519,2017-03-01,32,18,4.8999999999999995,81.25
1520,2017-03-02,33,19,6.6,80.875
1521,2017-03-03,32,18,9.4,81.875
1522,2017-03-04,32,19,20.4,82.5
1523,2017-03-05,32,19,10.900000000000002,83.75
1524,2017-03-06,32,19,5.0,81.0
1525,2017-03-07,32,18,7.300000000000001,84.5
1526,2017-03-08,31,19,5.6000000000000005,82.25
1527,2017-03-09,33,19,3.4,80.25
1528,2017-03-10,30,20,16.9,84.375
1529,2017-03-11,29,19,7.199999999999999,86.375
1530,2017-03-12,29,19,5.9,86.125
1531,2017-03-13,28,16,9.6,83.875
1532,2017-03-14,25,16,9.6,88.5
1533,2017-03-15,31,18,9.1,83.875
1534,2017-03-16,32,18,2.9000000000000004,80.5
1535,2017-03-17,31,19,1.7999999999999998,83.25
1536,2017-03-18,32,19,3.4000000000000004,79.25
1537,2017-03-19,29,18,5.1,82.75
1538,2017-03-20,32,17,1.7000000000000002,73.25
1539,2017-03-21,35,19,1.8,75.0
1540,2017-03-22,33,20,5.4,78.875
1541,2017-03-23,25,19,11.2,90.5
1542,2017-03-24,32,19,2.7,81.625
1543,2017-03-25,34,19,0.7,76.75
1544,2017-03-26,32,19,1.2999999999999998,77.375
1545,2017-03-27,30,19,2.1,79.625
1546,2017-03-28,32,19,1.7999999999999998,78.375
1547,2017-03-29,32,20,5.300000000000001,80.875
1548,2017-03-30,23,19,39.300000000000004,94.75
1549,2017-03-31,25,19,21.0,94.25
1550,2017-04-01,31,19,3.2,83.75
1551,2017-04-02,32,19,0.2,80.5
1552,2017-04-03,32,18,0.1,79.25
1553,2017-04-04,33,19,0.1,79.0
1554,2017-04-05,32,19,0.1,78.25
1555,2017-04-06,33,19,0.8,78.875
1556,2017-04-07,32,20,8.700000000000001,81.625
1557,2017-04-08,30,20,16.7,87.125
1558,2017-04-09,29,19,7.499999999999999,86.875
1559,2017-04-10,32,18,0.6000000000000001,75.25
1560,2017-04-11,34,20,2.6,79.125
1561,2017-04-12,33,20,3.0000000000000004,78.375
1562,2017-04-13,31,20,10.1,78.5
1563,2017-04-14,30,19,18.900000000000002,82.25
1564,2017-04-15,34,20,11.899999999999999,78.25
1565,2017-04-16,31,20,23.799999999999997,86.25
1566,2017-04-17,31,20,14.200000000000001,85.75
1567,2017-04-18,31,20,6.999999999999999,83.125
1568,2017-04-19,32,19,4.0,84.5
1569,2017-04-20,24,21,28.600000000000005,93.5
1570,2017-04-21,29,18,5.3,78.5
1571,2017-04-22,32,19,3.0,79.75
1572,2017-04-23,32,20,3.2,83.875
1573,2017-04-24,32,21,10.500000000000002,82.5
1574,2017-04-25,32,20,7.0,83.875
1575,2017-04-26,32,20,7.1000000000000005,83.875
1576,2017-04-27,32,19,0.7,82.625
1577,2017-04-28,32,20,1.2999999999999998,81.625
1578,2017-04-29,27,20,20.0,92.375
1579,2017-04-30,27,20,11.500000000000002,89.5
1580,2017-05-01,33,20,4.5,81.5
1581,2017-05-02,32,20,2.6,80.875
1582,2017-05-03,34,19,3.0,77.375
1583,2017-05-04,35,20,2.4,77.125
1584,2017-05-05,30,20,8.0,85.0
1585,2017-05-06,31,21,15.799999999999999,86.0
1586,2017-05-07,31,20,6.3,84.125
1587,2017-05-08,26,18,16.2,89.875
1588,2017-05-09,27,18,6.3,91.25
1589,2017-05-10,25,17,17.2,92.5
1590,2017-05-11,31,19,5.9,85.125
1591,2017-05-12,32,17,6.6,84.625
1592,2017-05-13,30,20,7.3,82.625
1593,2017-05-14,33,19,4.0,78.25
1594,2017-05-15,30,20,2.5,83.875
1595,2017-05-16,27,19,11.899999999999999,89.25
1596,2017-05-17,33,20,1.4,80.25
1597,2017-05-18,32,20,2.1999999999999997,82.25
1598,2017-05-19,32,20,3.6,81.625
1599,2017-05-20,30,19,8.2,85.75
1600,2017-05-21,31,19,4.3,84.375
1601,2017-05-22,32,19,2.1,83.0
1602,2017-05-23,32,19,1.0,83.625
1603,2017-05-24,32,20,2.9000000000000004,83.125
1604,2017-05-25,32,20,2.8999999999999995,84.25
1605,2017-05-26,30,19,1.2,85.5
1606,2017-05-27,32,19,1.0999999999999999,82.25
1607,2017-05-28,31,19,1.8,82.75
1608,2017-05-29,31,19,1.6,82.875
1609,2017-05-30,30,19,2.1,84.25
1610,2017-05-31,31,19,3.8,86.125
1611,2017-06-01,32,19,5.800000000000001,83.0
1612,2017-06-02,32,20,2.9,83.0
1613,2017-06-03,32,20,3.8,85.125
1614,2017-06-04,31,19,3.0,86.875
1615,2017-06-05,32,20,1.6,85.25
1616,2017-06-06,31,19,1.5999999999999999,84.125
1617,2017-06-07,30,19,6.5,85.875
1618,2017-06-08,30,18,8.3,88.75
1619,2017-06-09,32,19,2.7,83.75
1620,2017-06-10,28,20,2.5999999999999996,86.375
1621,2017-06-11,31,19,2.4,83.0
1622,2017-06-12,30,20,12.1,83.625
1623,2017-06-13,26,19,11.0,90.75
1624,2017-06-14,29,19,3.5,82.75
1625,2017-06-15,31,18,1.8,82.375
1626,2017-06-16,32,19,2.0,81.875
1627,2017-06-17,31,18,1.9000000000000001,83.0
1628,2017-06-18,32,19,1.7000000000000002,80.875
1629,2017-06-19,33,20,1.9000000000000001,79.375
1630,2017-06-20,32,20,3.5,79.75
1631,2017-06-21,31,20,11.5,82.25
1632,2017-06-22,32,19,2.2,81.0
1633,2017-06-23,32,19,0.7,80.375
1634,2017-06-24,32,19,2.1,81.0
1635,2017-06-25,30,20,8.5,83.25
1636,2017-06-26,31,19,2.5999999999999996,82.0
1637,2017-06-27,30,19,5.499999999999999,83.0
1638,2017-06-28,32,19,0.8,79.375
1639,2017-06-29,33,20,0.9000000000000001,78.5
1640,2017-06-30,33,19,2.5999999999999996,79.375
1641,2017-07-01,33,20,5.6,78.375
1642,2017-07-02,33,19,2.1,78.25
1643,2017-07-03,32,20,1.5999999999999999,79.125
1644,2017-07-04,32,19,3.2,77.25
1645,2017-07-05,31,19,1.4,82.25
1646,2017-07-06,32,19,4.5,81.75
1647,2017-07-07,32,19,4.300000000000001,83.125
1648,2017-07-08,32,19,2.6,83.75
1649,2017-07-09,32,19,1.7,81.25
1650,2017-07-10,32,19,1.4000000000000001,80.125
1651,2017-07-11,32,18,2.1,80.375
1652,2017-07-12,33,19,1.0,78.375
1653,2017-07-13,31,19,0.9000000000000001,81.25
1654,2017-07-14,32,18,1.2,81.125
1655,2017-07-15,32,19,1.9,80.5
1656,2017-07-16,32,19,1.6,79.25
1657,2017-07-17,31,20,3.2,83.75
1658,2017-07-18,28,17,12.899999999999999,90.25
1659,2017-07-19,31,19,10.0,81.5
1660,2017-07-20,30,20,15.999999999999998,78.0
1661,2017-07-21,31,21,5.300000000000001,78.625
1662,2017-07-22,31,21,16.5,79.375
1663,2017-07-23,31,22,7.8,78.375
1664,2017-07-24,31,21,0.4,78.875
1665,2017-07-25,32,23,2.6,79.5
1666,2017-07-26,32,23,9.999999999999998,80.0
1667,2017-07-27,32,21,27.6,80.125
1668,2017-07-28,32,21,36.2,79.125
1669,2017-07-29,31,22,26.699999999999996,80.0
1670,2017-07-30,32,22,26.8,76.75
1671,2017-07-31,31,23,12.2,79.0
1672,2017-08-01,31,20,10.2,78.125
1673,2017-08-02,32,20,8.299999999999999,75.75
1674,2017-08-03,32,21,7.0,74.5
1675,2017-08-04,32,22,14.0,75.5
1676,2017-08-05,31,21,4.5,78.875
1677,2017-08-06,31,22,5.1,78.5
1678,2017-08-07,32,23,1.1,78.625
1679,2017-08-08,32,21,6.3,78.375
1680,2017-08-09,32,22,7.1,78.375
1681,2017-08-10,31,22,3.7,78.125
1682,2017-08-11,31,22,24.0,77.375
1683,2017-08-12,31,23,14.4,79.375
1684,2017-08-13,31,24,2.1,79.625
1685,2017-08-14,29,23,1.1,79.25
1686,2017-08-15,31,21,0.4,76.75
1687,2017-08-16,31,24,16.2,77.5
1688,2017-08-17,31,22,9.6,78.125
1689,2017-08-18,31,24,21.4,78.125
1690,2017-08-19,30,23,34.099999999999994,77.0
1691,2017-08-20,31,24,3.1,79.75
1692,2017-08-21,32,24,2.4,78.75
1693,2017-08-22,32,22,10.1,78.0
1694,2017-08-23,31,22,17.8,76.625
1695,2017-08-24,31,23,17.8,78.0
1696,2017-08-25,31,24,7.1000000000000005,79.5
1697,2017-08-26,31,23,14.8,76.625
1698,2017-08-27,32,23,22.4,77.125
1699,2017-08-28,31,22,27.6,78.0
1700,2017-08-29,31,24,28.099999999999994,77.75
1701,2017-08-30,30,22,11.400000000000002,79.0
1702,2017-08-31,32,20,2.2,75.25
1703,2017-09-01,28,20,0.4,75.625
1704,2017-09-02,29,19,4.2,75.5
1705,2017-09-03,26,18,4.5,76.375
1706,2017-09-04,26,21,5.0,75.625
1707,2017-09-05,26,18,9.8,74.375
1708,2017-09-06,25,18,25.1,75.75
1709,2017-09-07,24,18,34.1,79.0
1710,2017-09-08,25,17,32.1,76.25
1711,2017-09-09,24,21,20.9,79.0
1712,2017-09-10,23,17,12.899999999999999,79.5
1713,2017-09-11,24,18,3.2,80.0
1714,2017-09-12,24,18,10.6,78.625
1715,2017-09-13,25,20,24.6,74.875
1716,2017-09-14,25,18,25.4,77.75
1717,2017-09-15,28,19,36.199999999999996,73.125
1718,2017-09-16,25,21,31.0,79.0
1719,2017-09-17,26,18,31.700000000000003,75.125
1720,2017-09-18,26,18,41.5,75.375
1721,2017-09-19,25,18,25.799999999999997,75.75
1722,2017-09-20,25,18,27.8,78.125
1723,2017-09-21,25,18,11.8,78.25
1724,2017-09-22,25,18,25.199999999999996,79.25
1725,2017-09-23,25,18,33.0,77.375
1726,2017-09-24,29,21,15.699999999999998,77.25
1727,2017-09-25,26,19,26.400000000000002,78.875
1728,2017-09-26,28,19,19.900000000000002,77.5
1729,2017-09-27,24,18,20.1,77.875
1730,2017-09-28,26,18,26.1,77.5
1731,2017-09-29,26,18,12.3,74.5
1732,2017-09-30,21,20,20.0,80.0
1733,2017-10-01,25,18,34.7,77.75
1734,2017-10-02,25,21,65.2,84.875
1735,2017-10-03,29,22,13.5,76.375
1736,2017-10-04,25,22,20.7,77.5
1737,2017-10-05,23,19,23.4,79.125
1738,2017-10-06,26,18,18.9,77.875
1739,2017-10-07,27,17,2.3000000000000003,73.375
1740,2017-10-08,30,22,8.2,75.625
1741,2017-10-09,30,23,8.799999999999999,76.375
1742,2017-10-10,26,21,9.4,75.625
1743,2017-10-11,29,23,22.4,76.375
1744,2017-10-12,25,21,3.4,77.75
1745,2017-10-13,27,19,21.699999999999996,77.75
1746,2017-10-14,29,22,25.5,80.0
1747,2017-10-15,27,23,10.399999999999999,79.0
1748,2017-10-16,30,23,5.3,79.375
1749,2017-10-17,26,22,15.7,78.125
1750,2017-10-18,25,20,22.5,78.75
1751,2017-10-19,25,20,27.700000000000003,78.75
1752,2017-10-20,25,19,42.4,79.0
1753,2017-10-21,25,18,33.3,79.625
1754,2017-10-22,25,19,45.400000000000006,78.5
1755,2017-10-23,27,22,33.6,78.5
1756,2017-10-24,25,22,21.199999999999996,81.875
1757,2017-10-25,25,21,17.700000000000003,76.75
1758,2017-10-26,25,17,17.6,77.75
1759,2017-10-27,25,17,10.2,77.25
1760,2017-10-28,25,22,18.3,83.0
1761,2017-10-29,17,14,32.1,82.75
1762,2017-10-30,23,16,6.5,73.5
1763,2017-10-31,22,20,7.5,80.75
1764,2017-11-01,24,17,18.3,77.875
1765,2017-11-02,25,18,14.2,76.25
1766,2017-11-03,24,18,21.7,78.0
1767,2017-11-04,22,16,37.5,75.625
1768,2017-11-05,26,17,2.2,68.625
1769,2017-11-06,25,18,1.3,75.25
1770,2017-11-07,24,17,3.0,78.875
1771,2017-11-08,25,20,6.6,78.125
1772,2017-11-09,28,21,11.0,81.5
1773,2017-11-10,23,21,5.599999999999999,81.75
1774,2017-11-11,25,19,11.600000000000001,79.375
1775,2017-11-12,24,18,24.9,80.75
1776,2017-11-13,27,18,38.6,81.875
1777,2017-11-14,20,16,78.7,85.75
1778,2017-11-15,23,17,32.900000000000006,77.875
1779,2017-11-16,22,16,7.4,73.25
1780,2017-11-17,26,19,32.3,75.25
1781,2017-11-18,30,20,3.4,69.375
1782,2017-11-19,24,17,10.7,76.875
1783,2017-11-20,20,16,24.700000000000003,82.375
1784,2017-11-21,28,22,15.7,79.125
1785,2017-11-22,26,19,13.100000000000001,78.0
1786,2017-11-23,26,17,13.4,79.5
1787,2017-11-24,23,17,22.200000000000003,79.875
1788,2017-11-25,24,17,4.0,76.5
1789,2017-11-26,25,19,17.5,78.75
1790,2017-11-27,22,17,29.2,82.25
1791,2017-11-28,28,22,15.600000000000001,80.5
1792,2017-11-29,26,22,30.5,80.375
1793,2017-11-30,24,19,23.4,82.5
1794,2017-12-01,22,16,15.700000000000001,81.375
1795,2017-12-02,23,16,12.4,79.375
1796,2017-12-03,27,18,21.299999999999997,78.375
1797,2017-12-04,25,21,32.7,80.75
1798,2017-12-05,24,18,24.8,81.375
1799,2017-12-06,23,18,16.900000000000002,80.625
1800,2017-12-07,27,22,22.599999999999998,79.625
1801,2017-12-08,24,17,14.100000000000001,80.0
1802,2017-12-09,26,19,20.5,79.75
1803,2017-12-10,21,16,15.0,79.25
1804,2017-12-11,20,16,4.7,68.25
1805,2017-12-12,17,13,43.1,78.875
1806,2017-12-13,30,19,0.30000000000000004,64.0
1807,2017-12-14,29,16,3.7,77.0
1808,2017-12-15,27,21,10.2,80.0
1809,2017-12-16,27,22,17.2,78.625
1810,2017-12-17,25,17,6.300000000000001,76.875
1811,2017-12-18,26,17,1.5,78.625
1812,2017-12-19,25,17,7.6,76.375
1813,2017-12-20,24,17,14.7,78.0
1814,2017-12-21,24,17,5.4,76.375
1815,2017-12-22,26,18,3.5,76.5
1816,2017-12-23,30,17,6.5,75.125
1817,2017-12-24,25,17,7.600000000000001,76.875
1818,2017-12-25,25,16,6.2,75.5
1819,2017-12-26,21,15,5.3999999999999995,72.0
1820,2017-12-27,25,16,8.100000000000001,72.375
1821,2017-12-28,26,16,6.3999999999999995,75.375
1822,2017-12-29,28,18,5.0,74.5
1823,2017-12-30,24,16,11.4,75.375
1824,2017-12-31,23,16,19.4,78.25
1825,2018-01-01,28,17,28.600000000000005,75.0
1826,2018-01-02,29,20,11.5,72.25
1827,2018-01-03,26,21,6.199999999999998,77.125
1828,2018-01-04,24,19,26.5,78.375
1829,2018-01-05,26,16,26.6,77.0
1830,2018-01-06,25,20,5.7,74.0
1831,2018-01-07,25,16,9.2,73.25
1832,2018-01-08,25,16,3.5,73.875
1833,2018-01-09,18,15,34.1,78.125
1834,2018-01-10,24,14,0.5,68.625
1835,2018-01-11,25,15,2.6,70.625
1836,2018-01-12,24,16,21.6,78.5
1837,2018-01-13,21,14,43.9,77.75
1838,2018-01-14,24,15,21.8,71.375
1839,2018-01-15,23,15,2.2,71.25
1840,2018-01-16,23,16,6.6,76.625
1841,2018-01-17,21,16,5.2,78.125
1842,2018-01-18,20,15,7.0,76.75
1843,2018-01-19,19,16,31.8,84.375
1844,2018-01-20,24,16,45.8,80.125
1845,2018-01-21,24,17,34.0,79.0
1846,2018-01-22,29,17,17.9,76.375
1847,2018-01-23,28,22,17.7,75.375
1848,2018-01-24,29,21,6.4,77.0
1849,2018-01-25,29,21,14.2,77.875
1850,2018-01-26,30,21,21.3,76.0
1851,2018-01-27,30,20,9.699999999999998,75.625
1852,2018-01-28,30,22,2.1,73.125
1853,2018-01-29,27,18,2.1,74.0
1854,2018-01-30,27,19,3.8,72.5
1855,2018-01-31,27,18,2.2,74.375
1856,2018-02-01,27,18,1.4,73.625
1857,2018-02-02,27,17,2.2,71.875
1858,2018-02-03,25,16,10.1,69.25
1859,2018-02-04,26,16,1.5000000000000002,73.375
1860,2018-02-05,27,17,1.0,73.375
1861,2018-02-06,24,17,5.8999999999999995,73.875
1862,2018-02-07,27,18,2.0,71.5
1863,2018-02-08,28,16,0.30000000000000004,64.625
1864,2018-02-09,32,22,1.1,66.125
1865,2018-02-10,29,20,1.2,73.5
1866,2018-02-11,26,19,6.1,74.25
1867,2018-02-12,26,17,11.9,75.0
1868,2018-02-13,26,17,8.899999999999999,74.125
1869,2018-02-14,28,17,8.9,74.25
1870,2018-02-15,27,17,22.0,72.125
1871,2018-02-16,26,17,37.9,74.125
1872,2018-02-17,27,18,32.9,76.875
1873,2018-02-18,29,19,9.299999999999999,68.75
1874,2018-02-19,27,21,15.3,67.75
1875,2018-02-20,31,21,0.6000000000000001,70.0
1876,2018-02-21,30,16,0.30000000000000004,70.0
1877,2018-02-22,26,17,2.8,68.875
1878,2018-02-23,29,20,0.7,61.5
1879,2018-02-24,22,15,1.1,50.125
1880,2018-02-25,25,14,0.0,45.5
1881,2018-02-26,27,15,0.0,38.125
1882,2018-02-27,30,18,0.0,35.5
1883,2018-02-28,34,13,0.0,47.25
1884,2018-03-01,29,18,0.0,53.625
1885,2018-03-02,26,18,19.3,72.375
1886,2018-03-03,30,21,39.39999999999999,75.5
1887,2018-03-04,27,21,2.6000000000000005,73.75
1888,2018-03-05,31,22,7.4,74.75
1889,2018-03-06,31,22,26.700000000000003,73.875
1890,2018-03-07,29,21,31.4,76.375
1891,2018-03-08,26,22,42.800000000000004,76.75
1892,2018-03-09,26,19,20.400000000000002,76.875
1893,2018-03-10,27,20,8.2,75.5
1894,2018-03-11,25,22,5.7,76.875
1895,2018-03-12,26,19,7.300000000000001,75.75
1896,2018-03-13,26,18,23.799999999999997,76.125
1897,2018-03-14,25,18,15.200000000000001,76.75
1898,2018-03-15,30,22,14.900000000000002,76.625
1899,2018-03-16,31,22,5.800000000000001,75.25
1900,2018-03-17,30,22,30.499999999999996,76.5
1901,2018-03-18,27,22,20.2,77.375
1902,2018-03-19,29,21,21.200000000000003,75.375
1903,2018-03-20,27,22,24.7,76.375
1904,2018-03-21,27,20,24.3,74.375
1905,2018-03-22,24,20,77.6,77.75
1906,2018-03-23,26,19,19.8,74.625
1907,2018-03-24,26,21,9.899999999999999,70.375
1908,2018-03-25,27,22,0.5,72.375
1909,2018-03-26,27,18,0.7,74.75
1910,2018-03-27,27,18,2.0,74.0
1911,2018-03-28,27,19,12.5,74.875
1912,2018-03-29,25,23,31.400000000000006,79.875
1913,2018-03-30,25,21,30.5,77.25
1914,2018-03-31,19,16,62.300000000000004,80.75
1915,2018-04-01,24,20,4.5,73.875
1916,2018-04-02,24,17,8.2,70.75
1917,2018-04-03,27,20,20.8,71.875
1918,2018-04-04,25,21,16.3,78.375
1919,2018-04-05,25,20,8.5,76.625
1920,2018-04-06,19,18,46.2,77.5
1921,2018-04-07,22,14,0.2,59.625
1922,2018-04-08,26,18,0.0,49.875
1923,2018-04-09,26,18,7.4,67.25
1924,2018-04-10,22,16,38.4,78.875
1925,2018-04-11,26,21,11.400000000000002,78.75
1926,2018-04-12,26,20,8.7,78.0
1927,2018-04-13,30,17,3.1,61.25
1928,2018-04-14,27,19,11.099999999999998,66.125
1929,2018-04-15,26,21,13.600000000000001,74.625
1930,2018-04-16,26,21,35.5,75.0
1931,2018-04-17,26,19,14.5,72.125
1932,2018-04-18,27,18,7.699999999999999,72.375
1933,2018-04-19,27,22,68.89999999999999,76.0
1934,2018-04-20,27,23,30.8,76.25
1935,2018-04-21,28,24,22.9,76.75
1936,2018-04-22,31,23,32.199999999999996,76.25
1937,2018-04-23,29,22,20.4,74.25
1938,2018-04-24,29,23,20.1,77.5
1939,2018-04-25,26,20,19.799999999999997,80.875
1940,2018-04-26,21,18,31.599999999999994,81.25
1941,2018-04-27,22,17,9.100000000000001,77.875
1942,2018-04-28,23,19,9.399999999999999,76.875
1943,2018-04-29,23,18,6.3,75.25
1944,2018-04-30,28,17,13.399999999999999,76.125
1945,2018-05-01,23,19,11.499999999999998,78.25
1946,2018-05-02,27,18,13.0,73.375
1947,2018-05-03,23,18,18.0,77.375
1948,2018-05-04,29,23,18.8,76.875
1949,2018-05-05,30,18,4.2,75.125
1950,2018-05-06,24,21,14.600000000000001,78.5
1951,2018-05-07,20,18,13.699999999999998,77.0
1952,2018-05-08,20,19,8.1,70.25
1953,2018-05-09,25,21,1.2,68.25
1954,2018-05-10,28,22,5.300000000000001,77.5
1955,2018-05-11,25,17,20.2,78.75
1956,2018-05-12,22,18,7.5,80.5
1957,2018-05-13,24,18,35.300000000000004,77.625
1958,2018-05-14,25,17,20.7,76.625
1959,2018-05-15,25,17,10.899999999999999,72.75
1960,2018-05-16,27,17,14.5,77.75
1961,2018-05-17,25,18,36.3,79.75
1962,2018-05-18,29,22,70.8,78.125
1963,2018-05-19,27,22,22.0,76.375
1964,2018-05-20,28,23,58.3,77.125
1965,2018-05-21,27,22,49.800000000000004,79.625
1966,2018-05-22,25,18,10.7,79.0
1967,2018-05-23,21,18,31.299999999999997,80.0
1968,2018-05-24,24,17,9.6,80.625
1969,2018-05-25,26,17,47.199999999999996,79.125
1970,2018-05-26,20,18,28.400000000000006,84.5
1971,2018-05-27,24,18,37.800000000000004,81.375
1972,2018-05-28,25,17,30.000000000000004,79.25
1973,2018-05-29,21,18,9.2,82.125
1974,2018-05-30,25,18,48.199999999999996,77.5
1975,2018-05-31,25,18,59.400000000000006,77.375
1976,2018-06-01,25,22,65.4,77.875
1977,2018-06-02,23,18,4.2,80.625
1978,2018-06-03,24,17,24.900000000000002,82.75
1979,2018-06-04,24,18,18.0,83.25
1980,2018-06-05,23,17,35.60000000000001,81.75
1981,2018-06-06,26,22,23.8,78.75
1982,2018-06-07,26,18,6.199999999999998,79.25
1983,2018-06-08,25,21,2.1,80.125
1984,2018-06-09,24,18,20.5,82.125
1985,2018-06-10,23,18,38.89999999999999,82.625
1986,2018-06-11,24,17,33.3,82.75
1987,2018-06-12,24,17,43.8,80.875
1988,2018-06-13,25,18,32.6,78.875
1989,2018-06-14,22,17,24.2,83.0
1990,2018-06-15,26,18,13.099999999999998,81.875
1991,2018-06-16,24,20,2.1,80.75
1992,2018-06-17,25,18,8.700000000000001,77.875
1993,2018-06-18,25,21,22.7,79.125
1994,2018-06-19,24,17,38.6,79.875
1995,2018-06-20,25,17,33.4,78.75
1996,2018-06-21,25,17,14.5,79.75
1997,2018-06-22,24,17,2.1000000000000005,80.375
1998,2018-06-23,24,17,11.399999999999999,78.5
1999,2018-06-24,28,17,3.6000000000000005,80.0
2000,2018-06-25,26,21,8.7,80.5
2001,2018-06-26,24,19,26.9,81.125
2002,2018-06-27,23,17,17.0,81.875
2003,2018-06-28,21,16,32.9,84.875
2004,2018-06-29,22,16,36.6,84.125
2005,2018-06-30,28,17,23.5,80.375
